{
  "type" : "FeatureCollection",
  "features" : [{"type":"Feature","id":2,"geometry":{"type":"Polygon","coordinates":[[[116.86003178072519,38.346751266196186],[116.85998656833227,38.346781850999257],[116.85929037370229,38.346781017692862],[116.85941548189402,38.346703368134243],[116.85951388002952,38.346643501259123],[116.85957169282374,38.346606483260288],[116.85961802311961,38.34657815844961],[116.85967624036012,38.346543720089642],[116.85971518788364,38.346521191647767],[116.85978322259319,38.346491926094551],[116.85984388814803,38.346462005766583],[116.8598681408173,38.346448871156639],[116.85989677015525,38.346433366161826],[116.85992918127133,38.346402444488916],[116.85995211180415,38.34637668701518],[116.8602645882379,38.346055176920082],[116.86032124449308,38.346001649523785],[116.8604329481014,38.345889382968601],[116.8605600762432,38.345752534434062],[116.860619313946,38.345685240975939],[116.86065449485916,38.345632299582576],[116.86069739744202,38.345563093931943],[116.86077841404925,38.345414459163308],[116.8608314698434,38.345312340307125],[116.86087180232995,38.345204529912337],[116.86092596200542,38.345027479271678],[116.86094732313946,38.344949231106931],[116.86096709804924,38.344876147579491],[116.86099562520673,38.344784974926],[116.8610010334188,38.344721022754584],[116.86099823209183,38.344677875588353],[116.86098252173163,38.344600653705179],[116.86096703405376,38.344530828273939],[116.86096203482025,38.344508286936467],[116.86092079824573,38.344377293924119],[116.86086369369497,38.34425166480225],[116.86079460685964,38.344095640286497],[116.8607124527132,38.343919184554636],[116.8606760140662,38.343848082873812],[116.8606352068777,38.343772253597344],[116.86057741500031,38.343671516513027],[116.86051032974328,38.343572282717304],[116.86042855546143,38.343448305956144],[116.86036501477123,38.343338731532576],[116.86030787387261,38.343232950177558],[116.86025614085196,38.343147106219995],[116.86021496414975,38.343069348473584],[116.8601562256506,38.34296179851772],[116.86011344513634,38.34288479555677],[116.86008327776224,38.342818145182569],[116.86006624188774,38.342775997184489],[116.86003848842876,38.342715160329199],[116.86001842103107,38.342655340722011],[116.86000057639893,38.342606120770803],[116.85998341977944,38.342531671699597],[116.85997426770001,38.342459754636323],[116.859970828613,38.342416103078051],[116.85996617817231,38.342335613244607],[116.8599624215564,38.342289942442399],[116.85995933316462,38.342277439096826],[116.8598767088473,38.342001577678175],[116.85986916681922,38.341973950502499],[116.85985895977828,38.341950979473609],[116.85985611225155,38.341932809900669],[116.85985456657748,38.341903289040545],[116.85984375059057,38.34186391682956],[116.85983075391133,38.341792752789075],[116.85982288076011,38.341722099361427],[116.85981823490012,38.341639339309872],[116.85981832825404,38.341590897499785],[116.85982450950895,38.341541706230259],[116.85982935373055,38.341521527886151],[116.85983872140095,38.341481423059165],[116.8598410539435,38.341435002787861],[116.85983680079394,38.341314650532418],[116.85983697094589,38.341226345031572],[116.85983872303626,38.341148133938376],[116.85984753370803,38.341064633225898],[116.85984565271026,38.341042932468689],[116.85983770347093,38.341012394969056],[116.85981441237513,38.340963168466409],[116.85981200407653,38.340959273801388],[116.85978853542379,38.340965983399194],[116.85978473795822,38.340955840395559],[116.85977859810041,38.340929569803876],[116.85977383610037,38.340907108863981],[116.8597761015476,38.340895506482632],[116.85978831469035,38.340874579311787],[116.85979122506353,38.340860706591627],[116.85978867435715,38.340854143359785],[116.85977846166112,38.340834200158575],[116.8597643988544,38.34081778378814],[116.8597388703208,38.340766283483809],[116.85971975285008,38.340712520633872],[116.85964948123377,38.34052321105424],[116.85955974779795,38.34025322084468],[116.8594887785861,38.340053029532015],[116.85947848625437,38.340024672920443],[116.85941457295507,38.33984857674735],[116.85935757802443,38.339690127094819],[116.85930379757647,38.339547007881293],[116.85922950050538,38.339349556466338],[116.85918743606837,38.339235718035219],[116.85914889568984,38.339121379328539],[116.85911384238551,38.339026219957212],[116.85910052505,38.338985410458179],[116.85908454503351,38.338936870037365],[116.85905967478925,38.338876793113052],[116.85904184671377,38.338819247102336],[116.85902495029859,38.338777344131401],[116.85901097546504,38.338739434653334],[116.85899975869241,38.338698410554954],[116.85897976048204,38.338642260084669],[116.85892213215143,38.338491720927621],[116.8588640162824,38.338332013829294],[116.85874258236986,38.338003654767519],[116.85813680923719,38.336408446055621],[116.85738653767862,38.334157677073051],[116.85737684355993,38.334133058717669],[116.85729123214635,38.333883595293223],[116.85715441615976,38.333493880282909],[116.85706836630341,38.33326518226486],[116.85703439867795,38.333174433299803],[116.85696208760596,38.332978489831881],[116.85687467762838,38.332730177886901],[116.85681624283684,38.332588353457915],[116.856771967471,38.33248950914723],[116.85672494658094,38.33237942121297],[116.85669456625068,38.332292848483497],[116.85668937386404,38.332266105889445],[116.85667591330069,38.332220936547458],[116.85664616719724,38.332153854167551],[116.85662302476518,38.33208568618705],[116.85657262727118,38.331920336015074],[116.85655021966961,38.33183164421736],[116.85653545006689,38.331745698624346],[116.85651821014699,38.33167945310494],[116.85649408571288,38.331581044125976],[116.85649207921577,38.331453108007608],[116.85650876173314,38.331273610486022],[116.85654009997457,38.331115881680752],[116.85655917640081,38.331077187983595],[116.85656829339899,38.331034508330895],[116.85657634512036,38.331012387210528],[116.85658890220991,38.330977887229835],[116.85659906275788,38.330934935884009],[116.85660230706287,38.33087997278313],[116.85660945553363,38.330839131212521],[116.85661283230709,38.330822570898036],[116.85662676369186,38.330766198374469],[116.85665342443083,38.330675491831364],[116.85668207819353,38.330544894135905],[116.85670732195118,38.330415757091906],[116.85674892229406,38.330265816223054],[116.85678678887646,38.330124330922168],[116.85685284527506,38.329930170539235],[116.85690268258301,38.329792604208308],[116.8569402713927,38.329686257258842],[116.85703155230281,38.329477811670891],[116.85704170569301,38.32945514624133],[116.85708880359208,38.329350014401477],[116.85714069541703,38.32921700529883],[116.85719093382868,38.329084319373827],[116.85725614333283,38.328899918712473],[116.85727153266564,38.328830965300853],[116.85728727951401,38.328761059192175],[116.85730870828939,38.328665926392524],[116.85731435408714,38.32852964658953],[116.85731660199207,38.328445910882493],[116.85731606875754,38.328363813191153],[116.8573096012336,38.328295665587348],[116.85729099496359,38.32821765120709],[116.8572546848438,38.328132774006683],[116.85717194428143,38.327985993156993],[116.8570940171612,38.327865079627294],[116.85704495484282,38.327801100711149],[116.85701241360518,38.327758664803319],[116.85687202208051,38.327603741563181],[116.85673522971129,38.327473451664389],[116.85660882205596,38.327362876512765],[116.85649383318842,38.327275302912049],[116.85629400188812,38.327139188639045],[116.85616196168623,38.327066370927014],[116.85603708061257,38.326993675364051],[116.85602628690992,38.326987392000099],[116.85586875347133,38.326894976478243],[116.85567509928781,38.326798411898331],[116.8555442583407,38.326734488436585],[116.85538356243323,38.32666067691288],[116.85524333446887,38.326601120710322],[116.85513016323718,38.326561300878751],[116.85498503043014,38.326522536892519],[116.85491124971119,38.32650594785526],[116.85483571892921,38.326488965624215],[116.85464785368507,38.326452063590892],[116.85449055483043,38.326417661283614],[116.85436589715925,38.3263895937393],[116.85426761257067,38.326375789113641],[116.85418873252105,38.326365035483335],[116.85409743849303,38.32635258982264],[116.85385431056244,38.326329574170373],[116.85367752804275,38.326309650638834],[116.85350665128193,38.326290281050781],[116.85330972850599,38.326266500370664],[116.85318747531144,38.326252664859751],[116.85306312409976,38.326245393998228],[116.85294225988693,38.326231286104743],[116.85276875123479,38.326225321720038],[116.85266298301261,38.326219031394345],[116.85244398549462,38.326203158268669],[116.85217207819557,38.326189248638791],[116.85204200880372,38.326184947792107],[116.85190978452361,38.326179125198969],[116.85173020100216,38.326172698465491],[116.85156757339561,38.326168751414748],[116.85135900649097,38.326183449968944],[116.85133005725538,38.326185023147062],[116.85115163244073,38.326194720921997],[116.85105362034309,38.326197398226007],[116.85092329457289,38.326201600107247],[116.85074364782012,38.326199813109483],[116.85060396303099,38.326199946969865],[116.85048249341095,38.326193558102162],[116.8503475703704,38.326187151042561],[116.85021503496047,38.326174201993901],[116.85008527313758,38.326160008623795],[116.85001299927384,38.326155447863471],[116.84995311380669,38.326156618982814],[116.84989061588838,38.326144693358316],[116.84977158497422,38.326107654480708],[116.84973401267537,38.326098254328535],[116.84969762373296,38.326090103397689],[116.84959244190041,38.326053185685893],[116.84949362649832,38.325999755737122],[116.84936636263002,38.325925403200785],[116.84930594010854,38.325867346835324],[116.84925415346959,38.32580799346227],[116.84920217273313,38.32572755385015],[116.8491649427644,38.325640287407808],[116.84912772637011,38.32554706706258],[116.84908863636397,38.325445807554409],[116.8490560082429,38.325326694625346],[116.84903485660888,38.325231113897011],[116.84902356459719,38.325209666555772],[116.84901604423895,38.325191498762962],[116.84902100528858,38.325168286801123],[116.84902865654514,38.325123347304391],[116.84904284319671,38.325023941880865],[116.84905623244211,38.324945075464107],[116.84907419108815,38.324849842353395],[116.84909213002751,38.324763539624712],[116.84911086988333,38.324655507824019],[116.84912960042844,38.324551940761907],[116.8491338284079,38.324517118223916],[116.84913348619523,38.324500149730454],[116.84915977901737,38.324393913173992],[116.84917928644306,38.324302786434039],[116.84923234157414,38.323735950451244],[116.84923758951331,38.323708311022934],[116.84925921174424,38.323606944883835],[116.84927216034251,38.323546240478308],[116.84931486803342,38.323336414865523],[116.84935779645612,38.32312037975354],[116.84939375954353,38.322961097363574],[116.84941761520305,38.322834616639199],[116.84945230357557,38.322632456144675],[116.84947251883595,38.32247899840678],[116.84948566478985,38.322301096142311],[116.84949054778045,38.322122448150537],[116.84949402409208,38.321994726853909],[116.84949252826615,38.32194829992401],[116.84949836109077,38.321722283105323],[116.84947302386119,38.321386473050893],[116.849394163596,38.320895430393641],[116.84934044164892,38.320586563351704],[116.84926608572879,38.320368616242376],[116.84903243861307,38.319962334387377],[116.84892000621947,38.319790209008744],[116.84889114273813,38.319741753153011],[116.84874313381499,38.319493275454434],[116.84855985929767,38.319189160549769],[116.8485298619841,38.319141781489563],[116.84848583139829,38.319070344320167],[116.84832358265356,38.318809929932712],[116.8481215062012,38.318466111646579],[116.8479004663844,38.318070001158517],[116.84775726773969,38.317794851532952],[116.84765598525227,38.31756244886855],[116.84763829149171,38.317487933026761],[116.8476043323174,38.317323587328225],[116.84757801273047,38.31723302640539],[116.84754821710823,38.317163736138895],[116.84752856204335,38.316992248805974],[116.84751298793391,38.316880897808943],[116.84750087470643,38.316592333788265],[116.84749972422595,38.31623538107992],[116.84750479278703,38.315906367323983],[116.84751059853595,38.315717255798269],[116.8475194058356,38.31555706552232],[116.84754304227417,38.315374014860879],[116.84756072379179,38.315235632003585],[116.84759378366321,38.315006973890483],[116.8476112914141,38.314898532449398],[116.84763036859181,38.314755339781456],[116.84764213504475,38.314670397544099],[116.84766653136182,38.314507520330146],[116.84767490735787,38.314433013084638],[116.84768990459355,38.314343908461389],[116.8477100034029,38.314148917369195],[116.84772341683626,38.313966347035965],[116.84773201000696,38.31384698161866],[116.84773931245283,38.313713292324607],[116.84774258126913,38.313639575713708],[116.84774586964858,38.313557593548374],[116.84775273809733,38.313463011808899],[116.84775868377335,38.313334533238717],[116.84776862266949,38.313212401146302],[116.84777395665961,38.313101382643765],[116.84777182712141,38.313006461297604],[116.84777362524648,38.312983707386792],[116.84777600703991,38.31295358863337],[116.84777220006725,38.312866353223264],[116.84775969414555,38.312700338021763],[116.84775033284632,38.312611326068584],[116.84773027136094,38.312491825231568],[116.84771179448126,38.312404133841206],[116.84768381546823,38.31230304121901],[116.84765750499896,38.312198548128947],[116.84761623467944,38.312098863417773],[116.84758766806323,38.312015322765085],[116.84746724206893,38.311657504843275],[116.84744390162723,38.311576424043835],[116.84734530296309,38.311233906990459],[116.84726744274475,38.311018884283214],[116.84724940074246,38.310969056489341],[116.84722633642909,38.3109053611973],[116.84717254120163,38.310782524472188],[116.84714984314276,38.310730694242572],[116.84714268337132,38.310714342932151],[116.84712714511612,38.310678864008175],[116.84711886677893,38.310659960844347],[116.84710392538128,38.310628296124065],[116.84708798138945,38.310595481471502],[116.84699909716939,38.31041254708736],[116.84698581090186,38.310384960996181],[116.84692180335378,38.31025206509949],[116.84696011042746,38.310241276584215],[116.84695968136458,38.31024033190112],[116.84694352844006,38.310204724223048],[116.84688507735314,38.310075876904854],[116.84684572198877,38.310086619884125],[116.84676794227339,38.309888955087217],[116.84667947356414,38.309619149917559],[116.84665731755902,38.309502991072002],[116.84665166887274,38.309473377129713],[116.84660379038404,38.309222356062378],[116.84658533983924,38.309056979693743],[116.84658393087936,38.309037068376242],[116.84657685327535,38.30891184203476],[116.84657177739088,38.308822031049402],[116.84658075594024,38.308529549166686],[116.84658098671841,38.308522034316773],[116.84658131941126,38.308511188141125],[116.84658133901026,38.308510568360425],[116.84659261509698,38.308477764002028],[116.84661041384759,38.308425986602657],[116.84662477753147,38.308384201788726],[116.84665057878438,38.308194336944162],[116.84664781895994,38.308170904115073],[116.84664753493061,38.308159731013276],[116.8466476783951,38.308124177017405],[116.84664831507121,38.308096560430869],[116.84664954159906,38.308074967007222],[116.84665142119913,38.30805706444729],[116.8466546458866,38.308036736671262],[116.84666094053529,38.308006032052099],[116.84667114990079,38.307961223846192],[116.84668585030113,38.307899551603967],[116.84670352750672,38.307836435533055],[116.84671701253306,38.307788871301881],[116.84672721064398,38.30775372592872],[116.84673525182154,38.307727021697815],[116.84674373052277,38.30769994687472],[116.84675557219956,38.307663412684903],[116.84677216107659,38.307613228233123],[116.8467842075993,38.307577133036681],[116.84679457081522,38.307546084179911],[116.84680295755986,38.307520309203504],[116.84680992074293,38.307498940380263],[116.84681599546386,38.307480336102387],[116.846821775503,38.307462677364853],[116.84683053686503,38.307435992084116],[116.84684780622732,38.307383483333055],[116.84686862530198,38.307320225390654],[116.84689641849097,38.307235795921784],[116.84690209126528,38.307218564057365],[116.84690259952797,38.307217176462323],[116.84694289552675,38.307225426167641],[116.84701664443759,38.307019479057679],[116.84698926434581,38.307012960603096],[116.84697611591271,38.30700985342807],[116.84703091425642,38.306878431329281],[116.84707463110631,38.306779299467998],[116.84708597152463,38.306753738223762],[116.84710443151238,38.306719915264473],[116.84713595310333,38.306656453202997],[116.8471677449695,38.30659765174493],[116.84722617492253,38.306494032780542],[116.84728321420883,38.306399799161149],[116.84736258644938,38.306282729297138],[116.8473914869643,38.306240104747523],[116.84740063305522,38.306226614231576],[116.84740828824317,38.306215323530274],[116.84743923296364,38.306174863743458],[116.84753925736737,38.306044081265668],[116.84757715523287,38.305998274736233],[116.84763001921883,38.305936420409729],[116.84767162439687,38.305891295226445],[116.84770493533476,38.305907210211856],[116.84783913264314,38.305764053177924],[116.84780341742631,38.305744840586385],[116.84799773414049,38.305543641866244],[116.84801865582013,38.305521979344775],[116.84814005975213,38.305396275280046],[116.84821769408182,38.305309893806921],[116.84827622357024,38.305250579791199],[116.84828628381521,38.305239922758481],[116.8484492261549,38.305067309111465],[116.84851511006548,38.304997514606605],[116.84853113728951,38.304980683406434],[116.84859629889434,38.304907394302262],[116.84863643344025,38.304861877688836],[116.84890629433347,38.304557063553503],[116.84911708733544,38.304382372786215],[116.84921233330081,38.304295676359381],[116.84926298948463,38.304244777668238],[116.84938941078057,38.304079616491642],[116.84944559713539,38.303977052028898],[116.84951154185005,38.303793327881571],[116.84958800029651,38.303556139010169],[116.84961995585788,38.303435257278096],[116.84961744292687,38.303368831117822],[116.84959645645191,38.303319419656439],[116.84957310468099,38.303290457884813],[116.84953262704502,38.303255376071718],[116.84945750686866,38.30321074818869],[116.84939948691407,38.303190210179139],[116.8493009647012,38.303168145372886],[116.84914995045696,38.303142048212308],[116.84907126124325,38.303137222771255],[116.84881184553251,38.303130214084661],[116.84860557868461,38.303127527394167],[116.84851899792726,38.303128067862481],[116.84845817537263,38.303127157791913],[116.8484019122255,38.303125093245875],[116.84835809022039,38.303121252000437],[116.84823402125392,38.30310964134155],[116.84816801454522,38.303102470489705],[116.84797345831774,38.303075043404732],[116.84773796201479,38.303033043347916],[116.84757578924473,38.302999346051074],[116.84739964813407,38.302958135921472],[116.84730468321305,38.302933476822652],[116.84714498952331,38.30288665900639],[116.84702459851975,38.302848048818667],[116.84686844758123,38.302794961501945],[116.84671251072855,38.30273695093566],[116.84659949336441,38.302693277979252],[116.84644646182952,38.30263477176905],[116.84633989180841,38.302587175551281],[116.84621263149974,38.302524424499993],[116.84609517050296,38.302466910382876],[116.84599056869438,38.302413803029751],[116.84590503582508,38.30236631691357],[116.84584302820865,38.302329843406355],[116.84576234512809,38.302276969976667],[116.84568380095591,38.302218257984258],[116.84566283048204,38.302201559570307],[116.84556724317011,38.302114772502392],[116.84555189269257,38.302100329167985],[116.8455103406332,38.302059361786078],[116.84549090094963,38.302038392472326],[116.84546251786061,38.302004977396749],[116.84541862334717,38.301950575641847],[116.84537144516048,38.301881808577036],[116.84532394354365,38.301806034904331],[116.84527734418968,38.301719422985364],[116.84524095590812,38.301623831009529],[116.84522788254392,38.301592879264064],[116.84519071691324,38.301464511243871],[116.84516960542788,38.301299699382774],[116.84517004460666,38.301273795990127],[116.84517214426656,38.301115326338973],[116.84518876884309,38.300993814735229],[116.84524057176756,38.300822030750304],[116.84525112527102,38.300804046842408],[116.84532806280644,38.300691928981898],[116.84536136822186,38.300638535243102],[116.84544302318503,38.30051630210712],[116.84551391095619,38.300450754477339],[116.84563093335019,38.300343408014193],[116.84566683644422,38.300310732496776],[116.84577549531177,38.300206332480691],[116.84588967942975,38.300101177473778],[116.8459874367872,38.30002077686197],[116.84606628214823,38.299962998640829],[116.8461815152157,38.299896688077133],[116.84629477959592,38.299805941081232],[116.8464144383729,38.29972025179336],[116.84657505981838,38.299597696889315],[116.84667532505652,38.299518925970233],[116.84673445643534,38.299469129472882],[116.84675666417196,38.299445743642771],[116.84699895204352,38.299231634490894],[116.84718902393429,38.299059232559983],[116.84733879474176,38.2989236699283],[116.84750684629599,38.29877359782482],[116.84759903490099,38.29869437146921],[116.84762287371115,38.298710211127442],[116.84791684930991,38.29845756074085],[116.84787601000028,38.298422706685315],[116.8481324692841,38.298203991996104],[116.84816968755635,38.298210061672364],[116.84820749555911,38.298201939590726],[116.84828066124872,38.298144748895751],[116.84834983433807,38.298087261107277],[116.84844045166162,38.298011842783367],[116.84852980226181,38.297931978697228],[116.84861452795877,38.297856248130913],[116.8488261025396,38.29767875152907],[116.84888230184934,38.297626900643913],[116.84893877291836,38.297590048882299],[116.84897500427012,38.297569155406258],[116.84904994811181,38.297532628265259],[116.84915202837711,38.297487230744032],[116.84933697121365,38.297409514999124],[116.84941386822545,38.29737250635857],[116.8495819532102,38.297287705662143],[116.8496468334961,38.297253814730915],[116.84971012755247,38.297220772165097],[116.84971526532581,38.29721835447063],[116.84995313419066,38.297122211309784],[116.85033399074446,38.296956498396021],[116.85050771625089,38.296888439267178],[116.85079408608689,38.296775979934566],[116.85085047854581,38.296754397115436],[116.85092432070157,38.29672746357722],[116.85097366456488,38.296706923973041],[116.85104080541855,38.296683932220922],[116.85114446020022,38.296646662724633],[116.85122890056172,38.296617353299027],[116.85126891517895,38.296601775514993],[116.85128937022014,38.296593610616242],[116.85139052394192,38.296561746633962],[116.85147304815584,38.296544790217595],[116.85156545787534,38.296521860783443],[116.85176087747621,38.296463677495822],[116.85188464163826,38.296420874302747],[116.85192334929218,38.2964070324484],[116.8519794392982,38.296387158579307],[116.85211100786404,38.29634584514465],[116.85214430568246,38.296336700809483],[116.8522084780099,38.296320575682067],[116.85230275607179,38.296298301159894],[116.85240026081526,38.296280717916986],[116.85247991250777,38.296266776937607],[116.85269894747634,38.29623205735372],[116.85284430006895,38.296198891773713],[116.85301013042277,38.296159110361344],[116.8532054841902,38.296102476801472],[116.85326233242071,38.29607534214712],[116.85336105326157,38.29603828613272],[116.85342042395878,38.296014159900963],[116.85345534700041,38.295999903810007],[116.85350563460226,38.295980716542061],[116.85353077951902,38.295970847231082],[116.8536565831929,38.29592020522346],[116.85394886519481,38.29580121413543],[116.85400018190118,38.295756081595115],[116.85414702855041,38.295691320476109],[116.85425032729501,38.295596809259735],[116.85426389254422,38.295584397525261],[116.85429244182755,38.295555487604965],[116.8544328751681,38.295436204805767],[116.85450881664484,38.295350425004102],[116.85456457932874,38.2952761505449],[116.85458850690178,38.295230529740131],[116.85461647793223,38.295157859510915],[116.85462516432142,38.295120162898364],[116.85463144131181,38.295054803475146],[116.85463341970105,38.294974767837488],[116.85463033126265,38.294904150963177],[116.85462989961859,38.294791048111662],[116.85464012616259,38.294707299339009],[116.85463211190276,38.294616118196494],[116.85461114258864,38.294468856313095],[116.85459265321673,38.294398703218171],[116.85455712903621,38.294265632915419],[116.85451045316047,38.294146690840321],[116.85448471885202,38.294044523949125],[116.85444835983581,38.293969619922365],[116.85441460696586,38.293895966841383],[116.85433689870993,38.293826682520923],[116.85428860613776,38.293773971307132],[116.85425406568136,38.293727869824878],[116.85419876915532,38.293668443694024],[116.85413815931705,38.293615999986059],[116.8541006129075,38.293566355148222],[116.85405435970988,38.293528042493207],[116.85399006241471,38.293497293705428],[116.85389067101561,38.293449354661668],[116.85381487770691,38.293426011137726],[116.85377369678049,38.293414421298245],[116.85372469928889,38.293406279290231],[116.85369205238453,38.293404559333325],[116.85350968626037,38.293412802770447],[116.85339626234394,38.29341669794708],[116.85332228355277,38.293423339583136],[116.85312936872853,38.29346565237195],[116.85293216384424,38.293535606683896],[116.85281774849739,38.29357579035441],[116.85270950203198,38.293613869986828],[116.85262437691826,38.293645777784548],[116.85253112522965,38.293693586712102],[116.85243757185526,38.293725483779028],[116.85235070325638,38.293757955840171],[116.85230366083609,38.293779489905127],[116.85222688514705,38.293823527511627],[116.85218258761456,38.293843753298631],[116.85212463037847,38.293871080634148],[116.85204235291437,38.293902631243625],[116.85194009894471,38.293954177822449],[116.85191847605813,38.293965916070945],[116.85186949774204,38.293986497985983],[116.85177580619168,38.294030361685984],[116.85171430348153,38.294058441981186],[116.85155103384371,38.294132696227962],[116.85145800183905,38.294175266838558],[116.85139530836699,38.294215941611625],[116.85106570696949,38.294387533840037],[116.85093718696282,38.294437616489404],[116.85059829620816,38.294576041279392],[116.85043980645752,38.29466285296855],[116.85018326909828,38.294782767458088],[116.84972467257018,38.294951395654721],[116.84969020288395,38.294968538549654],[116.84967047060378,38.294978351813967],[116.84948226860728,38.295048216345293],[116.84925213225647,38.295137196594027],[116.84911111570919,38.29516610393015],[116.84892022578052,38.295214186145195],[116.84887863560614,38.295227291781153],[116.84875889664865,38.295260191788685],[116.84858238821566,38.29529219590956],[116.84853525192351,38.295310583351238],[116.84851244170612,38.295319481653024],[116.84842453116661,38.2953367263232],[116.84832822568383,38.295360991468741],[116.84821520324861,38.295398852660043],[116.84808503641442,38.295412395620325],[116.84795911290199,38.295415498193407],[116.84787162062113,38.295410785761661],[116.84784548079948,38.295409068111169],[116.84780859056842,38.295398241191037],[116.84775175648576,38.295371933725086],[116.84768838990583,38.295324083936244],[116.84766187359084,38.295291958240782],[116.84761334315225,38.295194134955317],[116.84757936990498,38.295154000610871],[116.84754180597828,38.295119950660769],[116.84752943244619,38.295099896231363],[116.84751982018896,38.295060973684691],[116.84745648710836,38.294965655365537],[116.84741963757675,38.294922426302499],[116.84732980884056,38.294809948557216],[116.84727454199336,38.294733215047273],[116.84726011436413,38.294713184039779],[116.84722013204353,38.29465565741711],[116.84719578116876,38.294606669895025],[116.84717389990838,38.294548203786356],[116.8471635607943,38.294526766407991],[116.84716330546212,38.294501896286718],[116.84716491176309,38.294456556914845],[116.84715283553147,38.294373349097874],[116.84714587339442,38.294333840790884],[116.84714529714896,38.294247799360789],[116.84714703233051,38.294187343329924],[116.84714732738301,38.294084290748536],[116.84713949457343,38.294014647651686],[116.84713183441593,38.293935728380639],[116.84712472685594,38.293876204049262],[116.8471355718475,38.293839536905111],[116.84714221161595,38.293786391624636],[116.84714728664979,38.29374732601574],[116.84714965870883,38.293717299053213],[116.84715047255553,38.293696067188513],[116.84714657844185,38.293680053413681],[116.84714840384096,38.293632709855132],[116.84714974808192,38.293600036558637],[116.84715185241357,38.29357557130183],[116.8471490289688,38.293553220304673],[116.84714986812615,38.293542808985315],[116.84714938287146,38.293529461762496],[116.8471468538155,38.2935122696082],[116.84714663479576,38.293494069672157],[116.84714515092121,38.293474514060001],[116.84714655230518,38.293457648641947],[116.84715283711338,38.293408037962244],[116.84714990038738,38.293379749993775],[116.84715265706204,38.293352186546244],[116.84714736854573,38.293293591589524],[116.84714211194456,38.293267739289774],[116.84714146302238,38.293263209702175],[116.84712805514263,38.293180623542284],[116.84712749545487,38.293153175590497],[116.84714337803122,38.293130095826463],[116.84714802337793,38.293116019265419],[116.84714432109197,38.293102301190473],[116.84712910277874,38.293087183451824],[116.84713080955086,38.293023369778716],[116.84714130271469,38.29294183996403],[116.84714406341136,38.292904723549114],[116.84714534241645,38.292841021026021],[116.84714827202093,38.292772423448859],[116.84714492927132,38.292757334696553],[116.84713130808268,38.292747045973229],[116.84712230810408,38.292728184154598],[116.84711761784909,38.292713005358848],[116.84712327209158,38.292287764960619],[116.84715354113627,38.292244602517357],[116.84718617001403,38.292198452205511],[116.847221335355,38.292149571004948],[116.84724659882482,38.29208946360022],[116.84725170338331,38.292034046972198],[116.84725171494526,38.291987086615322],[116.84724260217928,38.291929358725625],[116.84724124518742,38.291916348195876],[116.84725351235743,38.291904505833884],[116.84726919722915,38.291892161623181],[116.84727554340061,38.291881342161609],[116.84727048245112,38.291835793191268],[116.84726977589408,38.291799317285331],[116.84727945218319,38.29177251327156],[116.847276967908,38.291718150704234],[116.84727858608339,38.291687805636087],[116.84729210963154,38.291661692201515],[116.84729690425712,38.291643414102765],[116.84729444781691,38.291606856640321],[116.84729257385735,38.291575441280237],[116.84729312186707,38.291553393760758],[116.84730316392613,38.29150693743734],[116.84731213483319,38.291471431764464],[116.8473174156709,38.291419671144055],[116.84732378167563,38.291364444432894],[116.84733949918532,38.291300992206885],[116.84734429412634,38.291267813484858],[116.84733919238491,38.291242827136024],[116.84734417380163,38.291215028735344],[116.84736006785248,38.291156220791528],[116.8473602392244,38.291122427955699],[116.84736679555606,38.291066351052478],[116.84737118031173,38.29103416727115],[116.84738186722488,38.291014862617601],[116.84739529387979,38.290990727383218],[116.8474008187215,38.290969781809487],[116.84741025842143,38.290850632357532],[116.84741989962104,38.290793551371678],[116.847429905528,38.290745710325453],[116.84743563778677,38.290701569056623],[116.84748144638631,38.290579497568295],[116.84753379977421,38.290461337194841],[116.84755516371891,38.290413119911435],[116.84758091867667,38.290313799371667],[116.84766115272247,38.29013888882394],[116.84771313989914,38.29001079924133],[116.84776296937792,38.28986657650178],[116.84780731173969,38.289750967710333],[116.8478450805642,38.289648935708513],[116.84788824675557,38.289535930713754],[116.84792542537181,38.289462466757961],[116.84796354430992,38.289380390653648],[116.84799066307529,38.28934575886661],[116.84802494429429,38.289297318588467],[116.84805541997046,38.289252876901045],[116.84810811634017,38.289171068269169],[116.84813371532121,38.289121888802306],[116.84819632741998,38.288998318958292],[116.8483279215439,38.288738317362949],[116.84843684162281,38.288598738164318],[116.8484901305639,38.288499216927619],[116.8485406946433,38.288408927113288],[116.84854964130773,38.288387361580305],[116.84858749455088,38.28829611931608],[116.84862024514028,38.288245659798996],[116.84864190965607,38.288210561365389],[116.84870586744528,38.2881069466548],[116.84876723971469,38.288034651426706],[116.8488448199936,38.287903295242366],[116.84891125718241,38.287775602064549],[116.84892002227524,38.28771747296814],[116.84893828865448,38.287657948922799],[116.84901965529345,38.287588251324401],[116.84908662778436,38.287503146244376],[116.84914891273327,38.2874323600632],[116.84918144430833,38.287384072132483],[116.84924801743999,38.287269714721155],[116.84941226001752,38.287039103693864],[116.84942375943886,38.287022098039799],[116.84942574721464,38.287010431432336],[116.84944659410684,38.286979023618038],[116.84946923703504,38.286951847757621],[116.84950448167766,38.286916835947466],[116.84955754848487,38.286866036455223],[116.84964146387587,38.286754130732028],[116.84966965204927,38.286701114655926],[116.84979001901861,38.286462945181313],[116.84982482266395,38.286377166951787],[116.8498598757822,38.286309513029124],[116.84992023470359,38.286199054398509],[116.84999675387084,38.286063717743545],[116.85003340190988,38.285960136716923],[116.85003709464387,38.285949700182165],[116.85005440232889,38.28590994193307],[116.85012990768777,38.285769881450186],[116.85014239344676,38.285747719415987],[116.8501567357889,38.28572759034595],[116.8501762591715,38.285711946188918],[116.85020573248414,38.285690590510256],[116.85024389345074,38.285642028380501],[116.85028156162436,38.28557071015841],[116.85030684097636,38.285539479007213],[116.85034527637697,38.285508600662418],[116.85037823385304,38.285482544062049],[116.85038980901777,38.285466829373043],[116.85039188396327,38.285451577335273],[116.85040428310906,38.285437023134293],[116.85050504955191,38.285358688102988],[116.85059459414452,38.285294260068724],[116.8506956708796,38.285219367547889],[116.85081854831721,38.2851272128772],[116.85088322703561,38.285091290331991],[116.85106379625485,38.285011544529731],[116.85117662650161,38.284971302834037],[116.85122350964281,38.284956860748927],[116.85139945380848,38.284909026016535],[116.85141428947912,38.284906799800545],[116.85156358936493,38.284884399093521],[116.8516545563467,38.284880734933843],[116.85181911765676,38.284894547151865],[116.8519794199327,38.284919814824541],[116.85216567819374,38.284969198344413],[116.85228478744904,38.285023033902462],[116.85242008429262,38.285113789049021],[116.85261246989261,38.285269328135257],[116.85272882794554,38.285380171385349],[116.85284641627707,38.285510222026382],[116.85291906525269,38.285592777422877],[116.852981218368,38.285673092634184],[116.85307627295191,38.285859679557838],[116.85314260470903,38.285964069753902],[116.85314799507158,38.285972552025427],[116.85321303074146,38.286121851466945],[116.85331523028512,38.286317472186241],[116.85337820131789,38.286454222324629],[116.85347583765008,38.28661295857362],[116.85354807636841,38.286742450949504],[116.85365317503381,38.286884065135183],[116.85373492770924,38.287014032312285],[116.8538140764342,38.287130563995071],[116.85387517114576,38.287199472195084],[116.85390053917607,38.287265498092083],[116.8539228627926,38.287314163749194],[116.85397599800837,38.287406393994907],[116.85404230535072,38.287485507507178],[116.85411006372252,38.287527300938478],[116.85416797224579,38.287568264084292],[116.85426628885197,38.287615901605704],[116.85428980633974,38.287627296375611],[116.85448019971982,38.287710269920716],[116.85464047805796,38.287783201525251],[116.85476795409639,38.287842015087357],[116.85490238124933,38.287901854206076],[116.85503908891117,38.287957683448333],[116.85515947111818,38.287980143433884],[116.85521361767925,38.288006775550947],[116.85538207401424,38.288036194500314],[116.85556036903026,38.288055502982331],[116.85571906370275,38.288044209268293],[116.85589824243677,38.288008569772387],[116.85606329483356,38.287971014508791],[116.85624896941694,38.287899797505787],[116.85643363856222,38.287811359469728],[116.85659133010915,38.287712951411642],[116.85677639201137,38.287592875146117],[116.85691479645354,38.287479437067169],[116.85701588135693,38.287367743404189],[116.85712454531351,38.287241417704088],[116.85713421543917,38.287230175628586],[116.85724096601039,38.287036533383002],[116.85731678573838,38.286904010881628],[116.85741247150533,38.286703178563627],[116.85747270498113,38.286437843890113],[116.85754811108052,38.286116406975303],[116.85758761728367,38.285969549444026],[116.85763327033619,38.285799840301365],[116.85764398283106,38.285751020833935],[116.85766342964747,38.285643830114871],[116.85767793733606,38.285519216590778],[116.85769016653093,38.285414175627736],[116.85770976926217,38.285285584561308],[116.85774568946911,38.285080018236947],[116.85777325010962,38.284860830288693],[116.85779075582617,38.284705557844035],[116.85779462686943,38.284683384547456],[116.85781463277063,38.28456880990602],[116.85781772704863,38.284551086940013],[116.85785293692453,38.284333737920122],[116.85787817014064,38.284207045481672],[116.85788515422524,38.284153377402795],[116.85788564646069,38.284128949597239],[116.85791203297512,38.284108288223464],[116.85791942338638,38.284086556111816],[116.8579175708974,38.284055942691523],[116.85790748985214,38.284027314766504],[116.85791002020241,38.283980483513446],[116.85791369025029,38.283957600970076],[116.8579156528773,38.283945781931514],[116.85793056461974,38.283901977329911],[116.85792810471628,38.283886871011013],[116.85792320981919,38.283860298880178],[116.85792494098271,38.283845847174412],[116.85794444843393,38.283792105065281],[116.85794871553558,38.283769575489075],[116.8579533059914,38.283745336423983],[116.85795278366855,38.283728911753251],[116.85795286250934,38.283717779610079],[116.85795332578139,38.283651895731971],[116.8579532131568,38.283613501668867],[116.85797557551925,38.283542790330735],[116.85798464116881,38.283494783219716],[116.85797821327922,38.283466023686202],[116.85797420603433,38.283429110467253],[116.85797731598618,38.283399191327781],[116.85798721438994,38.283349645610457],[116.85798815999527,38.283270244528147],[116.85798518322504,38.283217729222343],[116.8580016332957,38.28316036634255],[116.85800763883465,38.283123125606842],[116.85799793581677,38.283043061194498],[116.85798858572736,38.283002437066351],[116.85797855875107,38.282944943940819],[116.85797405105237,38.282912073286255],[116.85797204870447,38.282878011991052],[116.85797860736334,38.282841971002988],[116.85797563737829,38.282809449951003],[116.85796084375616,38.282744080016563],[116.85796444785483,38.282717462316128],[116.85795200974422,38.282656248312691],[116.85793497667729,38.282561810396587],[116.85791868758815,38.28249088558573],[116.85790846361493,38.282439531744814],[116.85789799961927,38.282396983766859],[116.85789256530784,38.282384514336051],[116.85787589853538,38.282368414244246],[116.85786410430879,38.282352189424529],[116.85786475965007,38.282336721114746],[116.85786998484001,38.282303446034078],[116.85787457239033,38.282270110722145],[116.85786890626025,38.282248169099617],[116.85785072758873,38.282192134524003],[116.85784272772312,38.282174829632574],[116.85783117648184,38.282162375309085],[116.85782855997456,38.282147321045251],[116.85783854583293,38.282127910054569],[116.85783665005752,38.282107227030835],[116.85782711715511,38.282082504191393],[116.85780988637319,38.282057353110552],[116.85778742411682,38.282008353752062],[116.85777326780114,38.281961539195237],[116.85776681763525,38.281918533913476],[116.85775319890162,38.28187796764616],[116.8576902361909,38.281793305352892],[116.85762329046746,38.281698743765759],[116.8575694355969,38.281609582624121],[116.85750953776122,38.28151074401228],[116.85747135335498,38.281464982195438],[116.85744829883377,38.281437353756161],[116.85738924301421,38.281377972188793],[116.85732144326208,38.281340003918359],[116.85721920987855,38.281270581631993],[116.85714931110527,38.281222537905371],[116.85713635236203,38.281217515905901],[116.85705672242918,38.281186654576999],[116.85699247393694,38.281162139763147],[116.85688877375642,38.281143300126224],[116.85683265050608,38.281130894028799],[116.85673431431607,38.281082853188074],[116.85671679585226,38.281078197640184],[116.85664498136582,38.281077596413361],[116.85654605465589,38.281092196873317],[116.85645541182413,38.281093962557826],[116.85635498636277,38.281105255673644],[116.85626640627815,38.281118705521124],[116.85622605179643,38.281128921669684],[116.85612268341539,38.281150562155801],[116.85605564335492,38.28116935348082],[116.85601541999176,38.281183172359128],[116.85595125601122,38.281214973239003],[116.85585625682606,38.281259796343569],[116.8557994333454,38.281288268376692],[116.85570283354484,38.281338465874185],[116.85562090332243,38.281390747074688],[116.85552916928232,38.281449270994457],[116.8555066355335,38.281462579054541],[116.85545535700912,38.281492862222144],[116.85541189150928,38.281524818030327],[116.85537334241909,38.281544285501184],[116.85533678814306,38.281564102259779],[116.85527129482138,38.281611194558742],[116.85521378668925,38.281645766258293],[116.85517200407475,38.281678515030805],[116.85514931662398,38.281695483129695],[116.85511414436283,38.281713390746368],[116.85509191922945,38.281728905375751],[116.85504250361296,38.281766503149591],[116.85500414251963,38.281788449066418],[116.85493593727662,38.281842111585966],[116.85485593476092,38.281883125453987],[116.85481134109111,38.28191259139588],[116.85475330150294,38.281944638829785],[116.85470831657219,38.281967375534329],[116.85466659978155,38.281994991861829],[116.8546310806812,38.28202679055655],[116.85460527476481,38.282041637604479],[116.85455421200666,38.282075089056136],[116.85449822849645,38.282112188374427],[116.85448131201183,38.282127690551562],[116.85445504613401,38.282145047763343],[116.85443023807011,38.28216210498131],[116.85439418372465,38.282184834626548],[116.85434915484444,38.282214564711197],[116.85432452899926,38.282233638314317],[116.85428943379534,38.282262509552837],[116.85427697478957,38.282271075913691],[116.85427159679223,38.282274773674828],[116.85425300127032,38.282282841428504],[116.85422160606852,38.282294365288905],[116.85419431066762,38.282308677971685],[116.85416795785306,38.282324862958646],[116.85412684046803,38.282357730197312],[116.85410738882804,38.282372665213586],[116.85409685236463,38.282383996961158],[116.85409288193016,38.282389660394529],[116.85408422005733,38.282396326984959],[116.8540604425134,38.282404363939257],[116.85404870971927,38.282412107769673],[116.85403935396012,38.282424543664455],[116.854028580177,38.282436232762059],[116.85398074096886,38.282469168161057],[116.85393180758533,38.282506270574743],[116.85388563961472,38.282537313453204],[116.85384417018956,38.282571206261444],[116.85381282992491,38.282588866911198],[116.85378779016723,38.282610172278424],[116.85376519361597,38.282625392502212],[116.85375106004827,38.282641956581301],[116.85373235900722,38.282652411466479],[116.85371679000428,38.282651839813546],[116.8537058973815,38.282656070303084],[116.85370045085055,38.282659718403615],[116.85369809365564,38.282666217153853],[116.85369468275765,38.282677231629165],[116.85367786895188,38.282690397821106],[116.8536148721698,38.282735695932914],[116.85357916813213,38.28275958069711],[116.85351150551456,38.2828067143395],[116.85347572166573,38.282827056691175],[116.85345244834149,38.282842288621282],[116.85343646037298,38.282859644025486],[116.85341342276185,38.282886100372217],[116.85340036109193,38.282899845075541],[116.85337728498877,38.282919287073938],[116.85334141725457,38.282940943671015],[116.85331865255003,38.282954432996966],[116.85329113774809,38.282965674075456],[116.85327275536993,38.282976730175626],[116.85325448683145,38.282998796134343],[116.85323146671664,38.283019346262599],[116.85320715665145,38.283039678559916],[116.853185089126,38.28305541644071],[116.85316876582553,38.283063294975918],[116.85314653217044,38.283070715668643],[116.85313484358743,38.283072298307609],[116.85312951975494,38.283076283466002],[116.85312546401619,38.283082818816034],[116.85312155201571,38.283092892122305],[116.85311403497484,38.283100234836425],[116.85307676049952,38.283120567091068],[116.85301461810342,38.28316009127208],[116.85297583973447,38.283184254877114],[116.85292535854423,38.283210234398659],[116.85290705330931,38.283216987008856],[116.85289545329714,38.283221107528689],[116.8528816485007,38.283220156902381],[116.85287478774451,38.283222267181507],[116.85286449899723,38.283229628925881],[116.8528453503933,38.283241411912883],[116.85282177240103,38.28325456859578],[116.85277722055197,38.283274388931495],[116.85275114009727,38.283286682114593],[116.85273029222421,38.283295479218118],[116.85269576394573,38.283306238387866],[116.85267184696208,38.283319708122917],[116.85261364051746,38.283341685085404],[116.85257953909766,38.283359504093667],[116.85254356613463,38.283376454989131],[116.85250547786863,38.283386479010559],[116.85245273621518,38.283402570072461],[116.85242019379785,38.283413002835104],[116.85236266315881,38.283427408582483],[116.85230984816774,38.283435665389966],[116.85226919473516,38.283441908693824],[116.85222357431242,38.283446337651043],[116.85217210425402,38.283449097988033],[116.8521379311693,38.283450894533871],[116.85208511100299,38.28345154235717],[116.8520426079013,38.283449515827066],[116.85201896853388,38.283446634712213],[116.85189002481158,38.283427076851346],[116.85184722385475,38.283414714919388],[116.85177703496528,38.283399912110639],[116.85170506258783,38.283377502633627],[116.85167571394686,38.283366911664729],[116.85164194958224,38.283352658411872],[116.85160583634517,38.283341842659119],[116.85158683514737,38.283328827860288],[116.8515486563327,38.283313670813811],[116.85153863823625,38.283308164539676],[116.8515307664461,38.283301042990836],[116.85152129821014,38.28329268070398],[116.85151447385346,38.283285876690272],[116.85150369817212,38.283279721717861],[116.85148303450516,38.283270961480675],[116.85146705643537,38.28326299004101],[116.85144804727138,38.283249980614777],[116.8514314519103,38.283238699437234],[116.85141770283087,38.283232290245614],[116.85141073865691,38.283229043644546],[116.85139570122064,38.283218840992774],[116.8513568400404,38.283180205950146],[116.85130587749384,38.28313035124868],[116.851300126889,38.28312946649833],[116.85129583845985,38.283131768230255],[116.85129149487955,38.283133091530736],[116.85128682538013,38.283131142402759],[116.85127243653668,38.283115088406561],[116.85121967489991,38.283058056736436],[116.85117286169894,38.283003013634342],[116.85113955125362,38.28295522535791],[116.85111605164195,38.282909196338139],[116.85110603114877,38.282888120023422],[116.8510792671843,38.282817561152001],[116.85106874039818,38.28278081959764],[116.85106382174573,38.28275426786778],[116.85106402682965,38.282731088349259],[116.85105868965037,38.282714712488122],[116.85104866802646,38.28270204142634],[116.85103553739357,38.28269228348303],[116.85102555738349,38.282680505249417],[116.85101678169286,38.282649876618052],[116.85099950658358,38.282605559951428],[116.85098304936788,38.282536311418276],[116.85097641016026,38.28250608819242],[116.85096567938112,38.282474694924105],[116.85095554277514,38.28241487046779],[116.85095710385774,38.282381965811496],[116.85095739344833,38.282363867392512],[116.85094568731685,38.282314256079637],[116.85094986106212,38.282290327560283],[116.85094051695964,38.282243712889013],[116.85094443396994,38.28220168976047],[116.85094034041531,38.282172988657656],[116.85092747905883,38.282148415983279],[116.85092230360337,38.282123971990238],[116.85092530139471,38.282099427572959],[116.85091879394243,38.28202269359717],[116.85091256436472,38.281971601874865],[116.85091206347408,38.28194212606914],[116.85091266799834,38.281913105714146],[116.85091394301251,38.28189825353531],[116.85090835339936,38.281875702675535],[116.85090638321901,38.281862746340295],[116.85090985462116,38.28182904142011],[116.85091002262914,38.281782100096549],[116.85090946623335,38.281718293276356],[116.85091984606167,38.28166415063685],[116.85091862218856,38.281584699090963],[116.85092267308562,38.281541465338428],[116.85092499576888,38.281526237018639],[116.85093256380854,38.281516898145391],[116.85094774619061,38.281509110360062],[116.85095858567739,38.281505707972009],[116.85095958968098,38.281469114377671],[116.85095982953808,38.281456891467911],[116.85096097109977,38.281398854270279],[116.85096192757162,38.281384949416513],[116.85096038905284,38.281380555645313],[116.85095606327064,38.281377134893354],[116.85092358886804,38.281375325198212],[116.85092244606554,38.281369683301989],[116.85092181034275,38.281358634935188],[116.85092252024572,38.281344027978548],[116.8509243417648,38.281332987238265],[116.85093394298384,38.28127615806487],[116.85093658530791,38.281248810537207],[116.85093498086107,38.281215736990838],[116.8509265431226,38.281188177190757],[116.85091715204972,38.281133867985837],[116.85091429166395,38.281116950225083],[116.85091744717568,38.281086797991591],[116.8509250873422,38.281052226306095],[116.85092694744391,38.281023431862387],[116.85092973827754,38.281011204985795],[116.85092563953596,38.280983398449479],[116.85091311333728,38.280947612871771],[116.8509062151456,38.280920045115487],[116.85090453589997,38.280888907474939],[116.85091343354276,38.280845248352193],[116.85091627605605,38.280826191026613],[116.85091527451998,38.280814627788267],[116.85090045729392,38.280791471515016],[116.85088445434872,38.280764667848814],[116.85086926924266,38.280743131797109],[116.85086570082558,38.28073209501629],[116.85087043532586,38.280717273357787],[116.8508779631121,38.280705784922482],[116.85088901377108,38.280690720844397],[116.85088973158997,38.280681742629696],[116.85087594533852,38.280653536397388],[116.85087713130488,38.280608457587988],[116.85088606900068,38.280542972759761],[116.85088045210715,38.280519285842075],[116.85086977136564,38.280508289570115],[116.85086436654278,38.280493793756449],[116.85087211422216,38.280479836272995],[116.85088125219957,38.280466174244708],[116.85088847871705,38.280431539871067],[116.85091407506522,38.280354953874067],[116.85090731396221,38.280335265435376],[116.85091277885887,38.280313678149959],[116.85093725776876,38.280226845854365],[116.85096863433374,38.280178971206141],[116.85099985395391,38.280113921864732],[116.8510460056912,38.279969290110252],[116.85107608150068,38.279897341211871],[116.85108873337117,38.279865398348036],[116.85126671996939,38.279416031651259],[116.85127097282155,38.279405292177096],[116.85129253445257,38.279377810958096],[116.85130116024125,38.279354043909798],[116.8513178228728,38.279336940988046],[116.85135836400708,38.279280431138559],[116.85137738205394,38.279237552343645],[116.85139149734366,38.279205224817041],[116.85140027446724,38.279185123656909],[116.85140982719646,38.279153444392364],[116.85142606530172,38.279129270764727],[116.85143602252748,38.279114447584504],[116.85151046721278,38.27898760610131],[116.85160803066826,38.278802989365509],[116.85163511994138,38.278712665665708],[116.85169753745738,38.278577405381576],[116.8517528570834,38.278458111504015],[116.85182933855657,38.278290077562993],[116.85188150740255,38.278179527242827],[116.85195406553693,38.278020724142927],[116.85205872176365,38.277937878236692],[116.85220829637417,38.277723196399158],[116.85237653914831,38.27741904472434],[116.85248251740684,38.277275780362253],[116.8525070766792,38.277241003698286],[116.85254046112006,38.277193727514152],[116.85260372557811,38.27708464212234],[116.85266816183581,38.276969615920208],[116.85267740456273,38.276954631373819],[116.8526870933117,38.276938923975017],[116.85274371819237,38.276867938554659],[116.85280764921239,38.276791253355576],[116.85284099717859,38.276747694092869],[116.85293042335688,38.276620678553662],[116.85296672240568,38.276567270860497],[116.85303702224203,38.276466056973945],[116.85307962206367,38.276381213501523],[116.85312672181564,38.276313608699496],[116.85318126297278,38.276234393557473],[116.85323653203938,38.276158562127613],[116.85329077418125,38.276094363432932],[116.85332853178062,38.276025772105918],[116.85337111261582,38.275964847931093],[116.853442822304,38.275874631771138],[116.85349169366737,38.275798616551917],[116.85355629732253,38.275712778763562],[116.85369125662911,38.275570968327585],[116.85372309962986,38.275530790657129],[116.85387071719551,38.27534453434],[116.85390132912872,38.275319784568921],[116.853911929826,38.275306697977577],[116.85415729665179,38.274984614674196],[116.85421792851405,38.274901717470627],[116.85427731590994,38.274814722357767],[116.85429191377311,38.274796606540917],[116.85433477607738,38.274763924244844],[116.85438527329282,38.274751915043318],[116.85441273542526,38.27473908536161],[116.85440853023113,38.274704576188249],[116.85494843640488,38.274705244867619],[116.85488430333241,38.274774108615638],[116.85478591402811,38.274887942733827],[116.85472276895432,38.274981006327096],[116.85460963685118,38.275138390711881],[116.85457989022288,38.275179245988298],[116.85449580423445,38.275254280183738],[116.85444733694594,38.275282582679978],[116.85440459691775,38.275340894485133],[116.85438459715893,38.275396638142702],[116.85424981718506,38.275589640674468],[116.85424160741123,38.27560552391467],[116.85423613839617,38.275617266481532],[116.85374927286784,38.276324835707797],[116.85337843792625,38.276873673885113],[116.85332466964151,38.276955442286742],[116.85300663941527,38.277439083229851],[116.85281158809579,38.27771028650703],[116.85247187874434,38.278284461202624],[116.85220941305346,38.278753748335717],[116.8519830461405,38.279187099906473],[116.85197212080507,38.279205958781169],[116.85185728971858,38.279404190715155],[116.85183675283841,38.279437037206179],[116.85162717763706,38.27988152797144],[116.85150766966591,38.280108037832399],[116.85147011165321,38.280228802669647],[116.85142344908141,38.280413000836752],[116.85140498906782,38.280485872622279],[116.85140804607046,38.280760185358297],[116.8514039346972,38.280904460583812],[116.85140433764131,38.281105436954114],[116.85140580584815,38.281228441221963],[116.85140308170735,38.2814546888645],[116.85140236746773,38.281457452777531],[116.85138941216279,38.281507542719517],[116.85140056273002,38.281727738658908],[116.8514099499716,38.281727509110361],[116.85141784956706,38.281830244380203],[116.85139832775941,38.281833423205313],[116.85141991748451,38.282054357564618],[116.85142010380595,38.282054345188151],[116.85144284642516,38.282052848787224],[116.85145083923578,38.28223775662638],[116.85155967946761,38.282676339963771],[116.85155716927562,38.282675933191292],[116.85160156223762,38.282763898638258],[116.85165957884725,38.282863773879399],[116.85176348884322,38.282941276841129],[116.85190623209029,38.283022417859549],[116.85204979145198,38.283045122909179],[116.85227086920045,38.283029063024713],[116.8524984139007,38.282937160817596],[116.85269008071315,38.282826898128413],[116.85316114185163,38.28249676460365],[116.85320821282905,38.282446518065804],[116.85333364041088,38.282353728777622],[116.85356607124166,38.282184375169848],[116.85376853341309,38.282049300276661],[116.85414449275777,38.281799752713653],[116.8542002290006,38.281762821720442],[116.85421228891319,38.281754895400638],[116.85427809309222,38.28171164815906],[116.85434389719499,38.281668399979232],[116.8543918666193,38.281636873573646],[116.85444659378064,38.281600906058273],[116.85444799613337,38.281600907797966],[116.85444975164587,38.281600909975737],[116.85444975580451,38.2815988271336],[116.85450131974507,38.281564938515622],[116.85453558695971,38.281542417426358],[116.85457998908161,38.281513235128834],[116.85458021453147,38.281513086762153],[116.8546630185067,38.281461537089733],[116.85474606038609,38.281409839006741],[116.85498680999588,38.281259957384322],[116.85533391303285,38.281048991267696],[116.85549668637137,38.280950057498714],[116.85590412063861,38.280770095879078],[116.85607282643481,38.28072388301451],[116.85637168390646,38.280675571683396],[116.85661741224483,38.280662665247981],[116.85675046253372,38.280657636862784],[116.85687063052494,38.280672152642289],[116.85696159448389,38.280682943572515],[116.8571235301746,38.280720623127912],[116.85713731462575,38.280726493867959],[116.85732480552029,38.280806353095677],[116.85772160926021,38.28103321939998],[116.85794772338481,38.281216540721601],[116.85798594309826,38.281278293147516],[116.8580774617072,38.281295841426349],[116.85811634713362,38.281300434324713],[116.85816662463601,38.281379277557797],[116.85821285340822,38.281461977071245],[116.8582032442303,38.281465868995745],[116.85814552508917,38.281489245673498],[116.85825364718185,38.28170542401562],[116.85834775806657,38.281992003950954],[116.858443180477,38.282284544736875],[116.85848870066158,38.282580225198842],[116.85849068490343,38.282875132419512],[116.85849118765906,38.283180765580717],[116.85847693452071,38.283632054072385],[116.85844165404986,38.283682079108466],[116.85838579300675,38.283715940836608],[116.8583815880942,38.283718297882238],[116.85834641670107,38.283738016340983],[116.85831914038955,38.283778515132745],[116.85829476757887,38.283826430809007],[116.85831018748112,38.283850348114527],[116.85834629090702,38.283873912920917],[116.8583963588774,38.283883383105277],[116.85843241806948,38.283889140034056],[116.85844277895802,38.283905009015442],[116.85838755210574,38.284287137495383],[116.85828710210383,38.284911525065759],[116.85826234983472,38.285278980575058],[116.85821028753317,38.285673772839182],[116.85813890761479,38.285970217321257],[116.85813580677832,38.285983097126447],[116.85805720313763,38.286293920839356],[116.85802122389893,38.286554573547235],[116.85800669332492,38.286609575698328],[116.85792853498639,38.286815631439808],[116.85784739554457,38.287010407135789],[116.85769691364629,38.287295659213925],[116.85753862328622,38.287546683302395],[116.85748221167125,38.287626561093091],[116.85732261600421,38.287819028494418],[116.85724557438004,38.287884549805447],[116.85712311733351,38.287969844235647],[116.85709958939474,38.287986232399987],[116.85684527478331,38.288122168541108],[116.85668766771533,38.288212796096879],[116.85666932169882,38.288220642911604],[116.85653797380976,38.288273755274702],[116.85640457309611,38.288321477813135],[116.85626934062296,38.288363731443468],[116.85613250049083,38.288400446145083],[116.85599427946444,38.288431561076194],[116.85587398231635,38.288456051322704],[116.85575259478966,38.288474388290183],[116.85563043141839,38.288486524464709],[116.85550780874689,38.28849242839955],[116.85538504450963,38.288492084796694],[116.85526245680791,38.288485494546478],[116.85514036328557,38.288472674725249],[116.85501908030599,38.288453658551184],[116.85489892213228,38.288428495298149],[116.85474355872056,38.288385100718266],[116.85459008034545,38.288335449256699],[116.85443873887479,38.288279622394683],[116.85428978266964,38.288217711747677],[116.85426510636867,38.288207261468038],[116.8541968756961,38.288178366407898],[116.85405192589825,38.288092322879749],[116.85391515939556,38.28800166331925],[116.8536911737107,38.287797492417809],[116.85345725087333,38.287525078375197],[116.8532820431595,38.287276716141356],[116.85317087856248,38.287074483423048],[116.85313521461519,38.287016649736351],[116.85293209620993,38.286750682965064],[116.85266303037955,38.286308036197141],[116.85245728413051,38.285963209925654],[116.85243800342093,38.285930896163634],[116.85234287269446,38.285764601962683],[116.85227934285074,38.285679807283792],[116.85214453834803,38.285529598705857],[116.85209462180019,38.285483090669103],[116.85200788016564,38.285440912664896],[116.85194609256268,38.285415359487686],[116.85181139346285,38.285379167549628],[116.85166191683896,38.285364394231301],[116.85157139730653,38.28535739068294],[116.85146921056712,38.285372140376886],[116.85141329195008,38.285396137613098],[116.85120265959732,38.285486533021377],[116.85105547859774,38.285567658334358],[116.85093956684889,38.285648790760931],[116.8507484048329,38.285834146228453],[116.85066000098323,38.285928416734286],[116.85063929785095,38.285960909618794],[116.85053569476091,38.286123512608512],[116.85030287504271,38.286513280856923],[116.85015738824249,38.286762340202273],[116.85002770906151,38.286980393997339],[116.84983288512899,38.287289836495745],[116.84967815341184,38.287505904697106],[116.84964629391385,38.287562088077351],[116.84949914311434,38.287828305374909],[116.84926413509319,38.288211362448969],[116.84906221483239,38.288540484209143],[116.84898850770027,38.288680248056629],[116.84882201185034,38.288952678172706],[116.84857510854147,38.289334881537272],[116.84854755205374,38.289392720573993],[116.84829980112768,38.289912738595454],[116.84807709847759,38.290462041991532],[116.84804558702839,38.29053976549568],[116.84792629521387,38.290844481801123],[116.84790502278001,38.29093872903514],[116.8478489941221,38.291091110282125],[116.847846764111,38.291111316019595],[116.84784854453351,38.291129608075238],[116.84786563744643,38.29117801401749],[116.84786659193341,38.291341713978994],[116.84782373032668,38.291370183979964],[116.84780959826465,38.291403174936811],[116.84778551900847,38.291512874063372],[116.84775292062614,38.291660200156343],[116.84770291577915,38.291824286207337],[116.84768197154013,38.291971785956257],[116.84767600542781,38.292054000076831],[116.84765978133937,38.292235711601791],[116.84768730132427,38.292262363945781],[116.84770190108127,38.292285730204107],[116.84771460508573,38.292302786912295],[116.84769474101702,38.292719874814779],[116.84769188519077,38.292726077295306],[116.84768140352908,38.292741167002845],[116.84767222755961,38.292755571931323],[116.84765564077226,38.29277442931302],[116.84764165803385,38.292797066578736],[116.84762679606682,38.292824164777791],[116.84762146119974,38.292859726539596],[116.84761302529812,38.292937291579229],[116.84760728343221,38.293033544444391],[116.84759940519952,38.29315270760771],[116.84758040517622,38.293264491595309],[116.84756767099985,38.29338419527916],[116.84756752986668,38.293448928989662],[116.84755955150764,38.293645404941138],[116.84756025587306,38.293714696416536],[116.84756018504102,38.293748554232003],[116.84756014211165,38.293769074502279],[116.84756096536661,38.293790279668592],[116.8475669940254,38.293812175369084],[116.84757085454231,38.293825717962413],[116.84757082306264,38.293840766280539],[116.84756862340461,38.293855127110014],[116.84756207135636,38.293876322692995],[116.84755552173849,38.293895808401693],[116.8475515696707,38.293918374903598],[116.84754933823477,38.293948467820584],[116.84755569538801,38.294038464437094],[116.84755942375131,38.294104798633114],[116.84756063520472,38.294145348974368],[116.84756402367684,38.294179087861252],[116.84756402657921,38.294195185752422],[116.84755879281475,38.29421732717276],[116.84755746872686,38.294230614384801],[116.84756044962683,38.294252085411081],[116.84756691229822,38.294269258341643],[116.84757379432911,38.294285964258158],[116.84757419933823,38.294298913182814],[116.84756984045248,38.294315945027918],[116.84756462592911,38.294328885750033],[116.84755940284717,38.294345916471791],[116.84756435573865,38.294404489342419],[116.84757125249668,38.294468258331108],[116.84760143603602,38.294520393833295],[116.84764606070698,38.294580145232388],[116.84770876483987,38.294659672854984],[116.84777681317571,38.294712399789404],[116.84786207353423,38.294765149906951],[116.84793803414274,38.29479626670647],[116.8480281706877,38.29482134698366],[116.84813014233211,38.294867127697053],[116.84826354231387,38.294913852561166],[116.84832563623961,38.294933328876468],[116.8483646480166,38.294939729634159],[116.84840278144416,38.29494414279597],[116.84843784781559,38.294944188103855],[116.84853602927136,38.294936635774434],[116.8485692331781,38.294934081391609],[116.84876219826357,38.294875105334405],[116.84898052228647,38.294800572719055],[116.84938085624499,38.294648947084667],[116.84986259619464,38.294459308808079],[116.85026238789969,38.29428049349788],[116.85065387119741,38.294107549912333],[116.85104939994388,38.293926432829913],[116.85115245737782,38.293869088158523],[116.85123282675832,38.293821587411308],[116.85134154607444,38.293770782960003],[116.85139626619538,38.293746285189684],[116.85145509606402,38.293719946686927],[116.8516236540119,38.293645692950072],[116.85167452960616,38.293618989328159],[116.85175427418177,38.293577134169944],[116.85186033106109,38.293524922294132],[116.85203653265827,38.293448120904635],[116.85218507185554,38.293380420260505],[116.85236535517086,38.293305110876389],[116.85248400282467,38.293258916865533],[116.8525548784926,38.293229442563977],[116.85260423356948,38.293214392258932],[116.8527218488947,38.293179982971211],[116.85285749459736,38.293139694491487],[116.85297443200547,38.293101797679647],[116.85306738443479,38.293074895728971],[116.85311756849946,38.293063589417564],[116.8532082358971,38.293050249100595],[116.85328831075304,38.293035503602141],[116.85337044727069,38.293027228971027],[116.85348987875386,38.293020455790554],[116.85355777137178,38.293023443204568],[116.85366104013301,38.293031716954268],[116.8537497865252,38.293041961661494],[116.85388787997006,38.293071192635324],[116.85399473467149,38.293104024143602],[116.85408021498182,38.293130448912358],[116.85417889080438,38.293162809727932],[116.85424054537523,38.293186536345345],[116.85425513430349,38.293193599380913],[116.85430825400933,38.293219318924798],[116.85440919314881,38.293288986149918],[116.8544766226841,38.293336255396277],[116.85457813064367,38.29341375276065],[116.85465881535342,38.293501361884985],[116.85471060478741,38.293550047626901],[116.85475402019858,38.293605475101472],[116.8547936869942,38.293655962879114],[116.85481720762373,38.293688600373592],[116.85485936616377,38.293758183639042],[116.8548783120528,38.293794311790357],[116.85489960552761,38.293842108384119],[116.85493405873513,38.293921357580743],[116.85495410208569,38.293971268793435],[116.85500824402131,38.294110996100969],[116.85503394993478,38.294172657314178],[116.85506493171469,38.294256551638597],[116.8550853870053,38.29432646024744],[116.85510624142989,38.294402043109436],[116.85512631309162,38.29448900946538],[116.85513668350605,38.294551651694249],[116.8551463154765,38.294622922572962],[116.85515056648715,38.294739777817576],[116.85514899814537,38.294828895780277],[116.85513866426322,38.29493874576012],[116.85512977908029,38.294975381826774],[116.85512849280293,38.294980688243712],[116.85511096786934,38.29504491850998],[116.85508722784203,38.29512633355548],[116.85504701936608,38.295250517507867],[116.85502682624136,38.295291761124204],[116.85499644509781,38.295349299936049],[116.8549574840641,38.295413478453241],[116.85493624541871,38.295442966934623],[116.85486088549567,38.295538283581877],[116.85478843081057,38.29563208668759],[116.85473310268166,38.295706256383376],[116.85466432738176,38.295778876090431],[116.85452874990976,38.295900972333271],[116.85440198938484,38.296005728347247],[116.85430611214606,38.296068490969873],[116.85424930485875,38.296107927742398],[116.85422584013868,38.296124218088323],[116.85412305874357,38.296178618990993],[116.85399283510482,38.296237470249139],[116.85387826982991,38.296285034781576],[116.85381814759882,38.296308229695043],[116.85373855741275,38.296336622727807],[116.85360503843874,38.296383622830511],[116.85355282424364,38.296400604174188],[116.85351126678381,38.296410023274888],[116.85339970791581,38.296432902387593],[116.85327814888886,38.296457969745305],[116.85318984156181,38.2964745796613],[116.85308768181103,38.296494449577359],[116.85295772404368,38.296519426806931],[116.85289697133165,38.296530790959501],[116.85283639445456,38.2965428156485],[116.85276720609023,38.296560559115989],[116.85269094962466,38.296579420672437],[116.85264350128367,38.296591109500795],[116.85255271177834,38.296618498489551],[116.85243948932484,38.296653638319647],[116.85235099206967,38.296680272392358],[116.85225568975045,38.296707380701491],[116.85216623940514,38.296732675622664],[116.85212093970311,38.29674451379077],[116.85208823240595,38.296757747070821],[116.85201136823628,38.296788579254596],[116.85193396076437,38.296814466655384],[116.85179845305957,38.296866471096749],[116.85170246527339,38.296900450926721],[116.85158762367328,38.296939879692729],[116.85145441261855,38.296983213838899],[116.85138961900253,38.297005407914803],[116.85134922821686,38.297019242954192],[116.85124136562403,38.297062389158896],[116.85108384366255,38.297123661968421],[116.85098325923434,38.297162344288814],[116.85092036700533,38.297187030560664],[116.85084203096423,38.297219380795497],[116.8508346106446,38.29722220734066],[116.85074944738315,38.297254651533038],[116.85063160294486,38.297297340339817],[116.85053692322225,38.297330081263155],[116.85036063876474,38.297400136224752],[116.85022891977137,38.297452046383505],[116.85013210935678,38.297485632890556],[116.84995639054971,38.297555976247423],[116.84979875613,38.297618078695727],[116.84970383569448,38.29765407532814],[116.84962222605033,38.297695129386888],[116.84953517251537,38.297743396082573],[116.84941263770983,38.297819070681243],[116.84937838939879,38.297841796530932],[116.84936274832157,38.297859049977838],[116.84934643541989,38.297879443037822],[116.8493351027462,38.297900104648598],[116.84932544245729,38.297915271218415],[116.84924982776545,38.297956554332714],[116.84924548384433,38.297958701860829],[116.8492315317781,38.297961300995723],[116.84920495931401,38.297965454146286],[116.8491533042673,38.29798850439353],[116.8490125383033,38.298078604387818],[116.84884884753629,38.298198090305149],[116.84879171922755,38.29823740508683],[116.84877250783369,38.298252984515756],[116.84876506065638,38.298263703529777],[116.84875822497874,38.298278324154595],[116.84875262620999,38.298292947274561],[116.84874621961885,38.298299115467664],[116.84871151960192,38.298331063777027],[116.84852863480006,38.298493506509111],[116.84846625857716,38.298548910427741],[116.84845326325929,38.29855918082206],[116.84837298574057,38.298628916230854],[116.84821364136734,38.298766503800394],[116.84814492662183,38.298825858723752],[116.8481119876636,38.298860036114363],[116.84808435717443,38.2988829187953],[116.84805202687761,38.298903134174566],[116.84800011053368,38.298941344527421],[116.84794652877002,38.298979978815971],[116.84792418244962,38.298997715258103],[116.84787521849128,38.299037180708368],[116.84780152486428,38.299096421765903],[116.84771553026974,38.299164472757283],[116.84764655674067,38.29922857560102],[116.84756052426722,38.299301473176868],[116.84753684688313,38.299326404065589],[116.84751927700145,38.299342317845024],[116.84746742110171,38.299381952332922],[116.84741386426131,38.299423680038373],[116.84734612183868,38.299474499887367],[116.84730265552525,38.299507109324402],[116.84722010979569,38.299570421288919],[116.84713618291852,38.299634833174359],[116.8470549429159,38.299696280994496],[116.84698984703846,38.299746297795409],[116.8469509819695,38.299773376277003],[116.84692121245619,38.299794334306497],[116.84671612280819,38.299937576208954],[116.84665630540617,38.299978544047349],[116.84661300395902,38.300011290375231],[116.84653848690373,38.300069185434388],[116.84648249288448,38.300117409388534],[116.84639165702443,38.300194504227306],[116.84624649302445,38.30032706000452],[116.84605582324298,38.300498455998827],[116.84601467672832,38.300537428226747],[116.84595060245447,38.300599387882116],[116.8459065995943,38.300646156161115],[116.84586512700137,38.300690578246225],[116.84582421897159,38.300737224436226],[116.84579319312633,38.300774555865111],[116.84577131399131,38.300802767966381],[116.84569954914647,38.300901832826838],[116.84568472608439,38.300922930914496],[116.84566547753545,38.300952161750111],[116.84565750766916,38.300964265430899],[116.8456367472827,38.300997499595816],[116.84561856781242,38.301030947959887],[116.84560057385788,38.301069094666971],[116.84559948901706,38.301071756247602],[116.84558715010286,38.301102025872254],[116.84558061512102,38.30112753116132],[116.84557459021916,38.301157791978746],[116.84557245209005,38.301197303668523],[116.84557469829845,38.301230844675693],[116.84557498925959,38.301232727002038],[116.84557870644169,38.301256728699769],[116.84558076690001,38.301270036544203],[116.84558995496968,38.301310493753569],[116.84559890259959,38.301348429976564],[116.84560582095942,38.301377761902899],[116.84561674431379,38.301417215107662],[116.84563121106154,38.301456960355452],[116.84564642855857,38.301495799400477],[116.84566156668444,38.301528401530298],[116.8456642460266,38.301533438285063],[116.845682916028,38.301568535998214],[116.84570422108165,38.301607462320511],[116.84572457905576,38.30164392978616],[116.84572972993152,38.301652269721671],[116.84573958849211,38.301668231006012],[116.84576039481794,38.301701918030908],[116.84577273412472,38.301720075321604],[116.84578628149758,38.30174001073901],[116.84580932549281,38.301771924156498],[116.84581688182304,38.301782387926693],[116.84582111538607,38.301787705093084],[116.8458351546731,38.301805338495946],[116.84584086251712,38.301812508011324],[116.845851210061,38.301823779935127],[116.84586868181603,38.301842811509147],[116.84588336029162,38.301859857469772],[116.84589612627241,38.301874682043056],[116.84591802680256,38.301895938300497],[116.84592301819806,38.301900783495284],[116.84595838513808,38.301935437335359],[116.846005500183,38.301978109124597],[116.84602293077424,38.301993394752614],[116.84607089800996,38.302026136307447],[116.84613705201843,38.30206855375048],[116.8461400229701,38.302070327880827],[116.84617867162278,38.302093404215256],[116.84624287600457,38.302131740747726],[116.84626847168553,38.302147023527375],[116.84639907154737,38.302219170591968],[116.84643947221146,38.302241510410575],[116.84645948822278,38.302250638223768],[116.84652927634446,38.302280352355758],[116.84662065396678,38.30231688192282],[116.84672422952707,38.30235746421031],[116.84678867655411,38.302382870397018],[116.84687143670851,38.3024155813848],[116.8469070607879,38.302428308699405],[116.84693928099406,38.302439620780383],[116.84702046221557,38.302465372990106],[116.84709659616844,38.302489449230208],[116.84717069673168,38.302511160658575],[116.84729214820379,38.302545945131008],[116.84736092838544,38.302565399109334],[116.84744675556526,38.302589194046504],[116.84749474725692,38.302601464301937],[116.84756622824004,38.302617472192914],[116.84765574952628,38.302632993570583],[116.84777299523923,38.302650912973263],[116.84785682726441,38.302662323296147],[116.8479844247497,38.302678795582679],[116.84802101375536,38.302683445598355],[116.84816015456602,38.302700513717127],[116.84825940636226,38.302711588762463],[116.84833860188779,38.302720081092296],[116.84845408197957,38.302733419248185],[116.84846062320531,38.302734174529682],[116.84851980311561,38.302740877852848],[116.84856707321661,38.302746231565919],[116.84858552466787,38.302748142731538],[116.84869092073093,38.302759058679037],[116.84874363596425,38.302764496820053],[116.84878018348357,38.302768248365894],[116.84882950347166,38.30277084341175],[116.84891590186068,38.302774241135985],[116.84891986974539,38.302774397594455],[116.84892403425305,38.302774561513061],[116.8489367735549,38.302775062593298],[116.84895620667359,38.30277551193204],[116.84900632077817,38.302776670118043],[116.84902633349614,38.302777132803541],[116.84909972066606,38.302777744334648],[116.84916736409097,38.302779496158749],[116.84925061557435,38.302785449897449],[116.84933216336529,38.302793191441843],[116.84945093014552,38.30280508602096],[116.84948411148468,38.302809087977103],[116.84953833018523,38.302815079030012],[116.84956430369617,38.302820024851741],[116.84962663321173,38.302835138688231],[116.84970468141721,38.302855167124321],[116.84974279594216,38.302867466146395],[116.84978645278687,38.302881506451378],[116.84980675381159,38.302890201634398],[116.84985117151109,38.302910067092725],[116.84987389123518,38.302920635591313],[116.84992307073399,38.302947652012797],[116.84995084865162,38.302964669175914],[116.85000166751801,38.303000622610604],[116.85001183563682,38.303007815642744],[116.85004323319198,38.303035909253666],[116.85008756877988,38.303080192928263],[116.85012412057523,38.303119760432928],[116.85015570654059,38.303160790921723],[116.85017613264121,38.303192110053693],[116.85020587415035,38.303246145109178],[116.85021647440296,38.303270051840528],[116.85022527591885,38.303298603024309],[116.85023355425604,38.303324167115107],[116.85023633934503,38.303331893933269],[116.85023644785483,38.30334028308615],[116.85023659292976,38.303340896772099],[116.85025023234373,38.30339854901888],[116.8502578488399,38.30339737768503],[116.85025788505607,38.303398112851063],[116.85025819350022,38.303404344646388],[116.85026393362166,38.303455593247079],[116.85026591531762,38.303484860030899],[116.85026389842589,38.303537784279833],[116.85026073419341,38.303572671404304],[116.85025399202067,38.303610112466338],[116.85024764149115,38.30363555698105],[116.85023826897886,38.303665615558828],[116.85021937579293,38.3037188245588],[116.85021164567868,38.303735757577613],[116.85019845933063,38.303762980710367],[116.85017658946127,38.303797083598205],[116.85014225123329,38.303842811752212],[116.85012991133317,38.303859245192903],[116.85007800568516,38.303926061251175],[116.85006873783449,38.303937990597625],[116.85003853767967,38.303977811520141],[116.85002442576744,38.303996419215018],[116.85001177009462,38.304013494567982],[116.8499737894976,38.304064635017212],[116.84985182511896,38.304224685520111],[116.84982450215657,38.304261266892929],[116.84981490251828,38.304269944510757],[116.84969655885374,38.304427457192659],[116.8495272706451,38.304644036501323],[116.84949242254395,38.304725876556013],[116.84948619562152,38.30474056825657],[116.84947935554004,38.304739390135282],[116.84947639103288,38.30474491684538],[116.84948420358963,38.304747421411903],[116.84948159220274,38.304750808980685],[116.84924295884491,38.305060343747435],[116.84920292495762,38.305087743061648],[116.84916609757552,38.305100417066924],[116.84909336761012,38.305132976890604],[116.84906121217982,38.305150357674286],[116.84903271792091,38.305170307971458],[116.84901485413268,38.305182979306196],[116.84893217358389,38.305265353995026],[116.84882489430957,38.305377268371032],[116.8487308201162,38.305471364918937],[116.8486758023389,38.305532100776539],[116.84850906125696,38.305701520697099],[116.84835855739757,38.305854024789838],[116.84812450719997,38.30609170161145],[116.84800509571893,38.306227399003518],[116.84791024992788,38.306335180973015],[116.84783768583098,38.306440717042328],[116.84783018239199,38.306451629597817],[116.84772787814558,38.306604309786842],[116.84772528630073,38.306608122556817],[116.8477626729173,38.306623206796658],[116.84771783935201,38.306693161517188],[116.84767061382391,38.306774630884455],[116.84764431627019,38.306820134493627],[116.84762059839888,38.306859979406973],[116.84756814313889,38.306951284067814],[116.8475393345301,38.30700125816665],[116.84750220149728,38.307066481468567],[116.84748164948957,38.307104600775126],[116.84744107745054,38.307183377851722],[116.84741616355031,38.307233538961405],[116.84738810387614,38.307295384009223],[116.84735585494735,38.307369271987262],[116.84731469005784,38.307472745910204],[116.84729003187685,38.307542631221835],[116.84727721255558,38.307577171444017],[116.84724252364468,38.307691345429731],[116.84720188091623,38.307684190847951],[116.84716764414705,38.307813287597895],[116.8472088605314,38.307819524940491],[116.8471849847848,38.307925623073345],[116.8471450579782,38.308096991661984],[116.84712874081403,38.308128916552356],[116.84711113889138,38.308161214532419],[116.84707616261659,38.308227399034529],[116.84704981144743,38.308416139856476],[116.84705114555486,38.308426562090148],[116.84705778014467,38.308478371415866],[116.8470599860407,38.308495602745957],[116.84706079769475,38.308502735180568],[116.84706392311023,38.308530180099773],[116.84706568002687,38.308545611784318],[116.8470568243317,38.308654758221934],[116.8470548879118,38.308691590029788],[116.84705346189575,38.308734183638606],[116.84705295499043,38.308760508529929],[116.84705279413313,38.308781027692618],[116.84705326646075,38.30884629625433],[116.8470542616959,38.308891775838937],[116.8470578021075,38.308953543971711],[116.84706261476521,38.309018722696997],[116.84706997740112,38.309092465820022],[116.84708373952428,38.309191180702193],[116.84708802823421,38.309218945145091],[116.84704397973475,38.309222699344822],[116.84707381592305,38.30940212711085],[116.84711785406331,38.30939736750323],[116.84712986408906,38.309465323108036],[116.84714894794469,38.309548586692181],[116.84715668612627,38.309581287949932],[116.8471752230577,38.309651695241925],[116.84718911473361,38.309696960093945],[116.84721177167523,38.309767704270179],[116.84726113018068,38.309904625902178],[116.84729872225543,38.309993156681898],[116.84732207637431,38.310043947225431],[116.84734581685343,38.310094253592681],[116.84736977672391,38.310143548550769],[116.847395471838,38.310195769120057],[116.84743591596292,38.310276024465367],[116.84751208106024,38.310425695877093],[116.8476009138019,38.31060216418345],[116.84756042818128,38.310614750036315],[116.84759307428415,38.310679470306049],[116.84761921989883,38.310731304929199],[116.84762436089518,38.310741496967694],[116.84765686301863,38.310731353823748],[116.84766424143947,38.310729050844714],[116.84766540512443,38.310731364917388],[116.84769148220698,38.310783199435029],[116.84798259570931,38.31136184261684],[116.8480308770946,38.311457810251945],[116.84804516500165,38.311486210112257],[116.84810538867538,38.311605454828687],[116.84804669791691,38.311610217444979],[116.84812861121389,38.311970940709635],[116.8481374189581,38.312002642395953],[116.8481806374233,38.31218719331499],[116.84819438909379,38.312276012728873],[116.84823317292376,38.312506500093932],[116.84826599076952,38.31271830716657],[116.84828953091224,38.31289842545857],[116.84829384770129,38.312984381359882],[116.84829735471382,38.313114913586659],[116.8482965587207,38.313202811476941],[116.84828664722184,38.3133791712552],[116.84827338369082,38.313567357054602],[116.84825580307233,38.313767906350925],[116.84825055143196,38.313888019358309],[116.84824021283269,38.314047560922909],[116.84822988302002,38.314202864752033],[116.84822033093788,38.314319654242119],[116.84820862103098,38.314451320778254],[116.84819886283867,38.314514469775148],[116.84815486158215,38.314823583251247],[116.84812644482696,38.315020971681442],[116.84809794697709,38.315236328950938],[116.84807916071289,38.315342954430172],[116.84806612314446,38.315447076597586],[116.84805791512737,38.315562316474491],[116.84805553186592,38.315642464700225],[116.84805352033457,38.315698449997598],[116.84805419438176,38.31580447906439],[116.84805699282231,38.315933589629324],[116.8480615252985,38.316075039991134],[116.84806740513379,38.31619550068681],[116.84806935388748,38.316307688010305],[116.84807517621324,38.316451887717562],[116.8480766554178,38.316576488555221],[116.84808294601277,38.31671000892905],[116.8480879970042,38.316806315042712],[116.84808827374897,38.316881929865296],[116.84809162454745,38.316949676778599],[116.84809934884667,38.317026326445834],[116.84810836614389,38.317110785712778],[116.84811696704988,38.317187113096011],[116.84813083700789,38.317255811441363],[116.84814733677216,38.317321322272129],[116.84816427376789,38.317393223607311],[116.84817512881908,38.317435978105465],[116.8481891397895,38.317488647267062],[116.84820748815334,38.317541240059626],[116.84825221145393,38.317662140157779],[116.84828297786109,38.317743935708812],[116.84832024501009,38.317824646890045],[116.84834502039766,38.317873173289527],[116.84836404679851,38.317910517737509],[116.84837863041571,38.317939252135709],[116.84839036787764,38.317962510908927],[116.84840099482444,38.31798366829463],[116.84841141089149,38.318004509197941],[116.84842257031839,38.318026955527905],[116.84843538182534,38.318052824632282],[116.84844833338417,38.318078984900303],[116.8484600199905,38.318102525575696],[116.84847142891232,38.318125432572593],[116.8484835679203,38.318149731469852],[116.84848773005119,38.318158052867986],[116.84849559539596,38.318173779777112],[116.8485065820621,38.318195746607245],[116.8485174719565,38.31821751241511],[116.84852921137077,38.318240974774753],[116.84854098388809,38.31826446870668],[116.84855199932989,38.318286358093729],[116.8485632222521,38.318308555848461],[116.8485756081046,38.318332955952705],[116.8485881066667,38.318357598537744],[116.84859975538524,38.318380705826073],[116.84861157116998,38.31840431061444],[116.84862456299066,38.318430415959824],[116.8486376224289,38.318456452924067],[116.84864969033971,38.318479801282933],[116.84866181465524,38.31850242360413],[116.84867503635375,38.318526328390824],[116.84868839690083,38.318550003630719],[116.84870104332606,38.318571761776582],[116.84871409692248,38.318593481708362],[116.84872865611975,38.318617040474194],[116.84874306185891,38.318640163915312],[116.84875553798626,38.31866024619903],[116.84876709539552,38.318678916519126],[116.84877879968512,38.318697893326494],[116.84879166430412,38.318718678793267],[116.84880757578614,38.318744141049251],[116.84882827108987,38.318777043528222],[116.84885517716,38.318819663688529],[116.84904797886543,38.319132983889901],[116.84915766784985,38.319307593866164],[116.84930942932812,38.319539111407302],[116.84944071138111,38.319742459880004],[116.84944627276667,38.319751074022228],[116.84950376455296,38.319839327698929],[116.84957213289869,38.31994839750601],[116.84962303672268,38.320035768819039],[116.84967310574361,38.320121554391754],[116.84971509797407,38.320214095198736],[116.84976109322247,38.320320204758715],[116.84980103301267,38.320442139501679],[116.8498275304069,38.320544857475269],[116.84985427506329,38.320662454682783],[116.84986330411128,38.32073576179269],[116.84987259270559,38.320823511231424],[116.84988127323211,38.320927765802516],[116.84988731328716,38.321064775669321],[116.84989923044375,38.321263126723068],[116.84991148317827,38.321449054171467],[116.849928541018,38.321662775383039],[116.84994358573121,38.321851261281367],[116.84995251492565,38.321995314290049],[116.84995702379578,38.322068059751096],[116.84996445071141,38.322083807612032],[116.8499690190695,38.322093299714069],[116.84997065399274,38.322135083683357],[116.84997290039765,38.322293539499888],[116.84997142140115,38.322321466665159],[116.84996797300967,38.322325075680666],[116.84996309179022,38.32232755316069],[116.84996050288214,38.322331389396076],[116.84995422502817,38.322458862076779],[116.84994414941156,38.32261239953678],[116.84993243665201,38.322725212457613],[116.84990480141387,38.322912645537585],[116.8498780272823,38.323080046858919],[116.8498454296971,38.323279182286818],[116.84982128619686,38.32342130648491],[116.84980001096132,38.323559416427265],[116.84978714957717,38.323622402929473],[116.84968923546802,38.324198955332463],[116.84968391889393,38.324212272517926],[116.84966610264895,38.324241792205285],[116.84966405830603,38.324247142607376],[116.8496225653719,38.324355768742883],[116.84960592183995,38.324409351497877],[116.84957727518395,38.324478985130192],[116.84954799604718,38.32456135366769],[116.84952663164849,38.324637075757337],[116.84951931127574,38.324744506976856],[116.84951679540576,38.324886645309078],[116.84950352800391,38.324984261926168],[116.84949947886847,38.325143933889912],[116.8495208447074,38.325266178119413],[116.84952604715848,38.325295944422422],[116.84955663610603,38.325414932987677],[116.84957958671555,38.325486481383621],[116.849604637333,38.325541278825852],[116.84963045735954,38.325577942560528],[116.84970950134496,38.325666404758294],[116.84976505459454,38.325705599290188],[116.84981906036077,38.325732718238051],[116.84987263231133,38.325754500701308],[116.85005364705448,38.325778387533468],[116.85028104964026,38.325822512091861],[116.85049757268769,38.325827428714653],[116.8511169591156,38.325788323887167],[116.85120579316565,38.325790700527172],[116.85133085589452,38.325794045527743],[116.85198796487185,38.325811622152791],[116.85243614225296,38.325821456924324],[116.85304093976863,38.325861063079856],[116.85320028270387,38.325875594706083],[116.85359867049114,38.325914834052035],[116.85386426601998,38.325940993469423],[116.85393052293476,38.325945775889132],[116.85418946249482,38.32600066971564],[116.85426634802396,38.326016968478442],[116.8547027042579,38.326070948180408],[116.85486579358069,38.326107714969659],[116.85500626365939,38.326146140016263],[116.85512126856986,38.326174452609045],[116.85524780995641,38.326205840513296],[116.85528522023399,38.326217741340528],[116.8553742549057,38.326244377534977],[116.85545342152002,38.326278430145848],[116.85550746015068,38.32630698341562],[116.85558418400122,38.326346864315937],[116.85568208015943,38.326399792519538],[116.85579860421868,38.326458818169812],[116.85587775130948,38.326498905455161],[116.85589457933428,38.326507160162961],[116.85594011064484,38.326529496626833],[116.85606802812481,38.326595911495296],[116.85614520502854,38.326636589860648],[116.85625670764854,38.326694155777709],[116.85627293435606,38.326702918690458],[116.85636331499329,38.326743986055135],[116.8564648693479,38.326791803794947],[116.85655152703683,38.326841913981347],[116.85665908540464,38.326903229552023],[116.8567118443634,38.326928750145115],[116.85677703656529,38.326975925901579],[116.85685516430877,38.327032463123793],[116.85691149505816,38.327075394760989],[116.85704089442504,38.327174901441403],[116.85704616554264,38.327184734649158],[116.85712508318407,38.327246477097752],[116.85719975004736,38.327313297630653],[116.8572698399817,38.327384904370497],[116.85733504682875,38.327460984533396],[116.85739508575983,38.327541205795171],[116.85744969452017,38.327625217743027],[116.85749863457438,38.327712653406131],[116.85754169214843,38.327803130858598],[116.85757867916344,38.327896254887769],[116.85758599494643,38.327931951168701],[116.85760388284682,38.327971011552798],[116.85763619716306,38.328046657001018],[116.85766224508612,38.328119013835547],[116.85768706231248,38.328210765081387],[116.85769634929687,38.328253750950495],[116.85769777948305,38.328286183405794],[116.85771327533772,38.328335024407508],[116.85770935138677,38.328397074849953],[116.85770510526496,38.328623892842309],[116.85769736411785,38.328692786225901],[116.85768598699455,38.328761239171186],[116.8576859360784,38.328761543606269],[116.85768306951813,38.328778790145236],[116.85764743184674,38.328944369761516],[116.85762772402616,38.329020524104244],[116.85760146016302,38.329115073623342],[116.85758561018974,38.329162986504954],[116.85753479850202,38.329308433741915],[116.85748459857625,38.32941878798708],[116.85743223811234,38.329522719924469],[116.85737714588797,38.329633924907355],[116.85736949605362,38.329656597914365],[116.85735745101773,38.329703231636401],[116.85735190786534,38.329759716259474],[116.85734799664384,38.329814491198256],[116.85734740893781,38.329837172792622],[116.85735167632846,38.329877834612191],[116.85735046903862,38.329939460413087],[116.85734606070196,38.329970697503583],[116.8573411903288,38.329989093816302],[116.85733675393892,38.330006634822482],[116.85727396511933,38.330164050834988],[116.85723627428069,38.330267144688086],[116.85720128277288,38.330378801055993],[116.85716626877786,38.330502441764033],[116.85713270376603,38.330718095396911],[116.85708214640704,38.331009051611886],[116.85708131425862,38.331012894643969],[116.85708129117079,38.331013003622061],[116.85707556770819,38.331039429306649],[116.85707443329233,38.331063821896649],[116.85707762219698,38.33109977531619],[116.85709481945443,38.331196088409165],[116.85711149252597,38.331282130851484],[116.85712820963587,38.331346345973742],[116.85715142008895,38.331424264147373],[116.85716438709932,38.331461085305691],[116.85718386677034,38.331501765645989],[116.85721637818115,38.331546314002672],[116.85732554732249,38.331645644320709],[116.85744207820026,38.331717827423162],[116.85767796852377,38.33180689993025],[116.85776543800124,38.331824919097585],[116.85792482111515,38.33184889095407],[116.85808234996939,38.331866628077471],[116.85816530145138,38.331875534505613],[116.85832475042294,38.331897526669671],[116.85858641947137,38.331935283856687],[116.85869396731795,38.331950820297536],[116.85873742708071,38.331954295987764],[116.85884216916888,38.331955252710365],[116.85917868643837,38.331956850919369],[116.85922369382553,38.331957876999184],[116.85942603133928,38.331951334286124],[116.85959753096556,38.331942490404515],[116.85973065161282,38.33193879754068],[116.85987084234416,38.331931689637706],[116.85989610538419,38.331930039682604],[116.85999310602243,38.331923704333697],[116.86011978285447,38.331911749492882],[116.86020992320955,38.331901998662232],[116.86038328853037,38.33188394077586],[116.86048490647551,38.331875074545565],[116.86063868157136,38.331867553966489],[116.8607891984003,38.331858745567374],[116.86096633826281,38.331849968539061],[116.86097024454527,38.331849688492404],[116.86104984864014,38.331841878529389],[116.86118967459909,38.331833970439675],[116.86131030787296,38.331825553014561],[116.86140648489726,38.331820959621922],[116.86150266272581,38.331815937333488],[116.86167274541617,38.331803727568108],[116.86181836779861,38.331797479576892],[116.8619351940775,38.331791197509176],[116.86204223812469,38.331786187569548],[116.86214873403436,38.3317837452907],[116.86230913156909,38.331793348785851],[116.86250199307781,38.331802990126356],[116.86261335811645,38.331811251959444],[116.86267582298524,38.331820741091576],[116.86273991246594,38.331832370775849],[116.86275554337207,38.331836661031311],[116.86281169416311,38.331852074081802],[116.86283385910565,38.331858158410547],[116.86314878092614,38.331967229830063],[116.86340280354332,38.332101908110289],[116.86378149393984,38.332395933825929],[116.86391492636865,38.332516347803264],[116.86400447844792,38.332606692604728],[116.86403543834021,38.332617357056741],[116.864053682917,38.332639381244583],[116.86405877322119,38.332645704099669],[116.86406930942718,38.33266207715252],[116.86407602135701,38.332678898012865],[116.86410308096639,38.332723377777519],[116.86413662622748,38.332795639109264],[116.86416033071804,38.33284844268664],[116.86419340194786,38.332942497484943],[116.86421323711457,38.333038924274305],[116.86423432610673,38.333092307674235],[116.86424231144112,38.333131002406944],[116.86424466640742,38.33315488920163],[116.86425639633863,38.333218703835648],[116.86425595699635,38.333231659749565],[116.86425720767836,38.333247283316503],[116.86426367242538,38.333271587469021],[116.86426354040763,38.33327368906378],[116.86426353804288,38.333273730501418],[116.8642635356798,38.333273771038172],[116.86426216345717,38.333295709424156],[116.864265350743,38.333333258990471],[116.86426489226992,38.333389578626878],[116.86426962297351,38.333414585257849],[116.86426974652827,38.333426217532718],[116.86426721151135,38.333436303527357],[116.86427011002419,38.333437366313987],[116.86427431579945,38.333444570995297],[116.86426195074603,38.333570977740756],[116.8642553307549,38.333664205504363],[116.86424428959168,38.333771867414157],[116.8642350476711,38.333831008336809],[116.86423206204425,38.333837394805073],[116.86422202171526,38.333917408134539],[116.86419210230126,38.33405121957022],[116.86416486384547,38.33419353207784],[116.86413284680171,38.334398891454342],[116.86411261358226,38.334484227954022],[116.86410441719107,38.334515627549322],[116.86408857809789,38.334572230243396],[116.86406945314516,38.334645281850932],[116.86406015293932,38.334686508735622],[116.8640241249303,38.334803983725756],[116.8639976932578,38.33486741178227],[116.86398843731867,38.334884921311819],[116.86395905494834,38.334941490259723],[116.86393372472632,38.334985281351926],[116.86390433164249,38.335036526988262],[116.86386703820982,38.335105711626198],[116.86383492005064,38.335163364724053],[116.86381260315183,38.335202439590489],[116.86379252141812,38.335254190590781],[116.86377262412006,38.33531737753821],[116.86376390273027,38.33534193613373],[116.86376361006725,38.335343694306296],[116.86373981437183,38.335372292038294],[116.86371022744851,38.335417565481471],[116.86369915308305,38.335438582691197],[116.86367366860316,38.33547296117797],[116.86364185993489,38.335525203008942],[116.86362383596112,38.335554803797365],[116.86359321781816,38.335594266252741],[116.86356988848691,38.335636968626041],[116.86351465381664,38.335732118076407],[116.86348831206121,38.335789876891596],[116.86347700005571,38.335793622183665],[116.86343411725265,38.33588542209602],[116.86338040450032,38.336039692417643],[116.86337805998863,38.336068814145769],[116.86337045459143,38.336097082019364],[116.86337239554588,38.336122675499297],[116.86336747709831,38.336148988896539],[116.86334829979108,38.336197544553428],[116.86333952620649,38.33622296519215],[116.86331498984079,38.336277845061922],[116.86329999845044,38.33627234304835],[116.86326276359699,38.336262853943538],[116.86323524910947,38.336262793932917],[116.8631831929715,38.336270489767408],[116.86315397515791,38.336283330113481],[116.86312988914511,38.336298761959014],[116.8631004896781,38.336318775764596],[116.86303138491429,38.336405175680639],[116.86301946653801,38.336434230909717],[116.86301217995533,38.336464778573173],[116.86300970012385,38.336496085193332],[116.86301208658664,38.336527399069254],[116.86301928204249,38.336557968325785],[116.86315811772289,38.336601468001177],[116.86314938030742,38.336617327657159],[116.86303348798293,38.336809376477383],[116.86295794673032,38.336940037023737],[116.86287754921445,38.337088019309483],[116.86285443440777,38.337080151947731],[116.86280476384474,38.337149574893893],[116.86274540886784,38.337224383638542],[116.86274538020518,38.33722441964008],[116.8627453572615,38.337224455648311],[116.86238660129631,38.33777592958085],[116.86237062925818,38.337802565083678],[116.86233094221629,38.337867013181977],[116.86231192556981,38.337896552232095],[116.86228848145524,38.337931427379246],[116.86226663873178,38.337967461128208],[116.86224958667873,38.337996608791769],[116.86222956000806,38.338029761860419],[116.86221358548092,38.338052216368041],[116.86219911416309,38.338072115951114],[116.86218949699389,38.338084238561116],[116.86218329420662,38.338101119110149],[116.86216502909713,38.338128751861966],[116.86214550778953,38.33815834794666],[116.86212775582113,38.338189811824044],[116.86210875748711,38.338216239232288],[116.86208884020186,38.338245927631796],[116.86206277957012,38.338287658030126],[116.8620352982413,38.338337261315559],[116.86200918341517,38.338377981754583],[116.86198799283625,38.338415588246129],[116.86196131637308,38.338461116893491],[116.86193636715603,38.338501153120099],[116.86191178254457,38.338535290829043],[116.86188309027465,38.338582194524676],[116.86186721416955,38.338601487922034],[116.86184658523243,38.338634788856922],[116.86180403906161,38.338703359414595],[116.86175586997081,38.338773661119063],[116.86171013264145,38.338845109783897],[116.86168092689255,38.33888521390498],[116.86164499154506,38.338939416007591],[116.86161082863384,38.338993240020223],[116.86159100677457,38.339020047439746],[116.86156847866847,38.339058856744664],[116.86153778117031,38.339110403805549],[116.86151471676634,38.339141892842989],[116.86149061746799,38.339186450572747],[116.86146567183276,38.339227942514917],[116.86143414684922,38.339274273394366],[116.8614101737295,38.339312589981908],[116.86139199242042,38.339343952335717],[116.86137512578885,38.339367279519664],[116.8613547426316,38.339396821295523],[116.86133052439784,38.339435270905874],[116.86129957666482,38.339482308717251],[116.8612615421396,38.339537542420089],[116.86122887214883,38.339584953839989],[116.8612055362366,38.339617713629515],[116.86117481290223,38.339664558884373],[116.86114071935299,38.339710447012813],[116.86110620635694,38.339759130955201],[116.86108220776973,38.339790843115644],[116.86105330662667,38.339830983469312],[116.86102986439714,38.339863629585977],[116.8610064069325,38.339895258590005],[116.86097862813024,38.339932235475239],[116.86095020293241,38.339970462904787],[116.8609204479442,38.340012608464136],[116.86091134416174,38.340026381078836],[116.86090032692984,38.340043047741432],[116.86086884308664,38.340089622648293],[116.86084211120308,38.340131742945324],[116.86081948562685,38.340167898901356],[116.86079109297914,38.34021233607136],[116.86073433978686,38.340307688630908],[116.86068935909384,38.340388566349681],[116.8606379800455,38.340484172083663],[116.86060199995208,38.340547176261808],[116.86056143895597,38.340614827107672],[116.86051632101619,38.340694901010565],[116.86047917279218,38.340775825795525],[116.8604604866229,38.340830860627271],[116.86045129741643,38.340859250723796],[116.86044081691912,38.340907850445667],[116.86043227833321,38.340930984700584],[116.86042579629711,38.340972641620077],[116.86041767943861,38.341007875145955],[116.86041043975753,38.341041992628384],[116.86040441935846,38.341071965728325],[116.86039753737609,38.341110418652661],[116.86038898719009,38.341146729108033],[116.86038033537548,38.34118234846936],[116.86036835578167,38.341225875364046],[116.86035923373869,38.341266902124346],[116.86035141612331,38.341298163135328],[116.86034422612555,38.34133318154749],[116.86033495559786,38.341363357973364],[116.86032894911912,38.341394986895075],[116.86031705830678,38.341434538321266],[116.86030342079943,38.341484223425084],[116.86029367451764,38.341521481069087],[116.86028777840234,38.341552210143831],[116.860282556358,38.341582759845927],[116.86027841551328,38.341617343158269],[116.86027570626305,38.341667675494044],[116.86027619832774,38.341684837774174],[116.86027926052941,38.341703845408496],[116.86029137527238,38.341757373696311],[116.86032138761009,38.341868892888854],[116.86033866949246,38.341933010819197],[116.86036276732656,38.342018170521513],[116.86039250325722,38.342124225547465],[116.86041827608548,38.342211640321167],[116.86043410118722,38.342277965448382],[116.86043411026209,38.342278005097732],[116.86043411933868,38.342278043846214],[116.8604367485375,38.342289062889733],[116.86044390421365,38.342315483294556],[116.8604564954464,38.342356271935515],[116.86047291378544,38.342421067173113],[116.86049113148158,38.342499569577868],[116.86050276144225,38.342548361353963],[116.86051479989692,38.342600075155836],[116.86052555357786,38.342634007735889],[116.86054152873521,38.342667508698433],[116.86055127645186,38.342689780039258],[116.86057010359542,38.342730294106332],[116.86058661145778,38.342769365812842],[116.86063313908471,38.342855668296266],[116.86068941349758,38.342948103792367],[116.86072722774963,38.343010268620489],[116.86077040159932,38.343072792942607],[116.86081552489706,38.343145972421837],[116.86083821802431,38.343179028173715],[116.86087820645778,38.343246881860786],[116.86093418441648,38.343351702126142],[116.86098480486329,38.343439612874825],[116.8610177244239,38.343497253908659],[116.86104680066705,38.343551852624827],[116.86107424390107,38.34361521492248],[116.8611041129891,38.343683570038593],[116.86113732522408,38.343765369274209],[116.86116532933212,38.343833416767687],[116.86135425651717,38.344262036534815],[116.86137471361361,38.344315655629799],[116.86139367966508,38.344360571397964],[116.86139816625807,38.344374864592808],[116.86141200413444,38.344415628465477],[116.86142574935781,38.344470208059541],[116.8614312026516,38.344510271950156],[116.86143267018144,38.34453133796432],[116.86143267353418,38.344531379408565],[116.86143267688864,38.344531419951942],[116.86143532464709,38.344569445448215],[116.86143498536246,38.344624447123223],[116.8614330803217,38.344675714618909],[116.861427573529,38.344744178280799],[116.86141315902097,38.3448048892879],[116.86139456337061,38.344913691309756],[116.86137241297334,38.345001181609675],[116.86135860733576,38.345047876600383],[116.86131091803887,38.345153873110561],[116.86127377130261,38.345244074404214],[116.86123803442247,38.345320747099798],[116.86114604135931,38.345525349611002],[116.86107603674947,38.345653029795209],[116.86101204393243,38.34576835794649],[116.86099808221707,38.345791775877331],[116.86094771422552,38.345872513000806],[116.86087855098629,38.345975010978513],[116.86086310628217,38.345996832583126],[116.86058378981269,38.346314642369855],[116.86053598456451,38.346352420499059],[116.86050472573753,38.346381516735164],[116.86048988996366,38.346401258891561],[116.86043839073746,38.346458768067087],[116.86030571943134,38.346572041142473],[116.86019410345422,38.346650568976763],[116.86003178072519,38.346751266196186]],[[116.86011607573464,38.340368292571419],[116.86013407020121,38.340372656258829],[116.86018137348675,38.340360217508511],[116.86022968428051,38.340331211919732],[116.86026191473923,38.340299952076528],[116.86028659388889,38.340258995201992],[116.86032170363555,38.340206127644755],[116.86037294194249,38.340130923127944],[116.86041756480357,38.340051239663531],[116.86044502778664,38.340025827088958],[116.86046570446591,38.339994415604274],[116.86086470166877,38.339398674194634],[116.86094706684497,38.33927496890675],[116.86115668905201,38.338962131981184],[116.86129872759219,38.338743391508956],[116.86153293007553,38.338365322530208],[116.8616035874676,38.338243908277548],[116.86165817715822,38.338153421048204],[116.86188258957007,38.337775337078604],[116.86202839080551,38.337529693613945],[116.86212261913215,38.337378002157095],[116.86237353156218,38.336897778077066],[116.862421364402,38.3368113689192],[116.86263658107569,38.336431895185122],[116.86274680529839,38.336469027765368],[116.8627798158758,38.336453895327367],[116.8628101958171,38.336434001909687],[116.8628372634933,38.336409793857193],[116.86286041159207,38.336381814321378],[116.86287912074387,38.336350691073804],[116.86289458411373,38.336301566972836],[116.86290595561088,38.336251337677041],[116.86291123419782,38.336233693861807],[116.8629130715422,38.33621342537208],[116.86291185893342,38.336195933424094],[116.86290299653959,38.336163395091631],[116.86288209282384,38.336133130908507],[116.86284935165143,38.336107429334831],[116.86281430381018,38.33609431120906],[116.86284178062027,38.336050618371182],[116.86300077242944,38.335865442413706],[116.86314678578965,38.335563780270668],[116.86316572688118,38.33552464844319],[116.86318482877881,38.335512515191631],[116.86319314107463,38.335507946630024],[116.86320794620205,38.335469469412743],[116.86321552221057,38.335454398463995],[116.86322052409007,38.335443940607881],[116.86322663804488,38.335430866999893],[116.86322999771349,38.335409942637291],[116.86323776584007,38.335400360055573],[116.86324397673911,38.335386820806079],[116.86325497008302,38.335362727949594],[116.86327388821371,38.335325408641637],[116.86327946577585,38.335303178789019],[116.86328723765652,38.335290980060456],[116.86329058451884,38.33527746719848],[116.86329780396139,38.335265267825186],[116.86329893159657,38.335254368523863],[116.86330504388123,38.335242167859548],[116.86330949379617,38.335230836405728],[116.86331228511008,38.335217759820985],[116.86332174014656,38.335194226411168],[116.86332840272276,38.335183770485372],[116.86333727632903,38.335175060333349],[116.86333673421839,38.335168955356728],[116.8633334299568,38.335159795889751],[116.86333677516649,38.335147155073479],[116.86334177832047,38.335135389139189],[116.86334954722354,38.335125369624969],[116.86335454250992,38.335118399951945],[116.86336453226436,38.335104894827182],[116.86337289780386,38.33507133247754],[116.86337900842484,38.335060002955451],[116.86338290228359,38.33504997982552],[116.86338513541629,38.335039953860026],[116.86338515670084,38.335028618144904],[116.86339459171812,38.335015112371138],[116.86339183890057,38.335007697646489],[116.86339518867979,38.334992004660997],[116.86339852240856,38.334985469075193],[116.86340629701778,38.334972397391049],[116.86340520951192,38.33496193243365],[116.86341021051324,38.33495190969127],[116.86341742744776,38.334941018380938],[116.86342408720792,38.334931433594377],[116.86342190269781,38.334916171088352],[116.86342579621929,38.334905711030814],[116.86342969497387,38.334893071756824],[116.86343746629403,38.334881744165202],[116.86345495245239,38.334836992720568],[116.86346532870913,38.334813750452689],[116.86347200704716,38.334794865026467],[116.86347276549058,38.334783820251516],[116.86347315946423,38.334770740871058],[116.86347170034081,38.334761437613189],[116.86347835631227,38.334754468966814],[116.86348649703844,38.33474314270255],[116.86348651230993,38.334735003292877],[116.86347877482871,38.334728308874773],[116.86347952563338,38.334721334254937],[116.86348988550438,38.334706812458741],[116.86349765624928,38.334695775845475],[116.86350690411155,38.334684450868288],[116.86351213638723,38.334649285802115],[116.86351438175838,38.334632719477561],[116.86352141962983,38.334618484795662],[116.8635258612925,38.334611514470446],[116.86352368407904,38.334591745785019],[116.86353107610752,38.33458565094223],[116.8635406856957,38.334577813679616],[116.86354291415753,38.334570258811688],[116.86354071840427,38.334560373631298],[116.86354111236606,38.334547293349218],[116.8635462944638,38.334538869868453],[116.86355185579991,38.334525215433359],[116.86355151090163,38.334512134291529],[116.86355226278843,38.334504577705381],[116.8635563393743,38.334495280888525],[116.86355525894076,38.334481036758973],[116.86355934266415,38.334468542736204],[116.86356231101348,38.334459826596607],[116.86356197210893,38.334443548247513],[116.86356420219963,38.334435121331509],[116.86357160238444,38.334424666248552],[116.86357663359524,38.334414969650908],[116.86358087472595,38.334400260552627],[116.86358645016132,38.334378466704003],[116.86359015027668,38.334373529694851],[116.86359680838156,38.334365398010924],[116.86360642828558,38.334352038375691],[116.86360939662448,38.334343322234723],[116.86361274147471,38.334330827350477],[116.86361091618343,38.334319779569],[116.86360983089223,38.334308732648068],[116.86360984778268,38.334299722091124],[116.86361540576641,38.334287229780479],[116.8636169041289,38.334275603897225],[116.86362210308732,38.33425816985568],[116.86363024313701,38.334246552596198],[116.86363211419089,38.334233183948065],[116.86363511030596,38.334209642998488],[116.86364141149068,38.334194826385726],[116.86364624433341,38.334176228884331],[116.86364994928211,38.334168094664456],[116.86365144382293,38.334158503858362],[116.86366697528503,38.334141081826601],[116.86366922877296,38.334120156160758],[116.86367295827972,38.33409952229313],[116.86367739875237,38.33409255196014],[116.86368259174822,38.334078896188728],[116.86368446600049,38.334063202378211],[116.86368915577333,38.334047091130266],[116.86369211764946,38.334027770749863],[116.86369643957545,38.334003487213941],[116.8637025796684,38.333969633066111],[116.8637082752513,38.333933118109798],[116.86371347901991,38.333918586696171],[116.86371980634556,38.33391238520079],[116.8637139262941,38.333899007543387],[116.86371858782704,38.333883919657893],[116.86372330551281,38.3338761001175],[116.86372801602293,38.333863561771949],[116.8637272853933,38.333859781741666],[116.86372434594058,38.333853092913806],[116.8637254699495,38.333844083642582],[116.86373065088569,38.333836242118167],[116.86373546784127,38.333825492137862],[116.86373697052758,38.333811541993065],[116.86373957816917,38.333798755264041],[116.86373959504324,38.333789744706266],[116.86375031163564,38.333781908711501],[116.86374887481122,38.333760688672939],[116.86375221852238,38.333748774848168],[116.86375518790875,38.333739476736874],[116.86375321065296,38.333735673637385],[116.86375299828495,38.333728759155299],[116.86375481227506,38.333722024500169],[116.86375393026961,38.333711740858895],[116.86375709765963,38.333703589794666],[116.86376004755412,38.333690651214248],[116.86375940181725,38.33367451754841],[116.86376234920198,38.333663529364919],[116.86376573611463,38.33365785957227],[116.86376777493558,38.333650771133136],[116.86376846168618,38.333644389213177],[116.86377007093729,38.333626662712433],[116.86377480678316,38.333621349432143],[116.86378361311257,38.333606290681324],[116.86378159785873,38.333600792086472],[116.86377890348946,38.333597598048506],[116.86377260969515,38.333592626902494],[116.86376610600571,38.333580031385232],[116.86377073490813,38.333579300745164],[116.86377332462399,38.333573026438216],[116.8637773231994,38.333565645688189],[116.86377827660998,38.333557338902381],[116.86377069169596,38.333535183818071],[116.86377744768433,38.333526033343794],[116.86377673162286,38.333505919518657],[116.86377721334034,38.333499088723286],[116.86377809530778,38.33348678916483],[116.86377918325263,38.333480541941384],[116.86377872030342,38.333472460531482],[116.86377697226116,38.333426868688484],[116.86377950832558,38.333420535761874],[116.86377948596567,38.333412318831122],[116.8637804341912,38.333406780435986],[116.86377974911761,38.333396995208403],[116.86378327633517,38.333390906669855],[116.86378259126303,38.333381120541397],[116.86378005789382,38.33335730109706],[116.86378081751664,38.333326654122303],[116.8637827042845,38.333320748358226],[116.86378505745228,38.33331558185548],[116.8637876434628,38.333311892161547],[116.86379070278417,38.333305249940388],[116.86378758616607,38.333300342843692],[116.86378519497906,38.333297714909023],[116.86378416156374,38.333293775071702],[116.86378364785948,38.333289589898428],[116.86378605471342,38.333283848698045],[116.86378973803731,38.333273181179429],[116.86378980148029,38.333239290236087],[116.86378086361242,38.333149909188293],[116.86375238165547,38.333025197336241],[116.86370848532067,38.332903226950954],[116.8636652680474,38.332832774028248],[116.86364075526342,38.332792813224756],[116.86352534204899,38.332650439394996],[116.86347346289287,38.332601777560399],[116.86340835031075,38.332540703312027],[116.86331043578024,38.332467033465889],[116.86318823541679,38.332396644133489],[116.86307114908584,38.332337662153193],[116.86300116442436,38.332309628887856],[116.8628611864947,38.332257608063685],[116.86275479950591,38.332231052761031],[116.86272351090994,38.332223243368361],[116.86255562402454,38.332197547390976],[116.86244981179037,38.332185899310048],[116.86229127610994,38.332174070322665],[116.86228454519217,38.332173567837238],[116.86220797853325,38.332169310443902],[116.86210370439547,38.332167470813523],[116.86181761136774,38.33217894999472],[116.86158853006545,38.332192119157376],[116.86130398644244,38.332230675696671],[116.86111547802619,38.332245621594893],[116.86103861634709,38.332256303245856],[116.86088141475699,38.332277740647122],[116.86057253011671,38.332314431446704],[116.86020937706873,38.332343454253063],[116.85989530018813,38.33234823339464],[116.85974614213548,38.332350502798342],[116.85950488870009,38.332346413235449],[116.85893798682501,38.332314376798514],[116.85891693569343,38.332312012798212],[116.85828793056687,38.332241379665426],[116.85795747803866,38.332202972776535],[116.85781274670268,38.332190444562194],[116.85767280425462,38.332195976472065],[116.85755937359099,38.332215792303302],[116.85741333213915,38.332255522823885],[116.85733485967366,38.332287732868444],[116.85728167439957,38.332342779354704],[116.85725968896192,38.332481478758233],[116.85726431484248,38.332583153841831],[116.85733146278983,38.332789424823865],[116.85739649316767,38.332967569587829],[116.85750184569211,38.333256171264956],[116.85750519413247,38.333265713825284],[116.85762060903838,38.333594580617422],[116.85779096780931,38.334075579330104],[116.85778989562533,38.334075835680956],[116.85838585211262,38.335685303941837],[116.85886547441989,38.336904706715117],[116.85920186087505,38.337899428780823],[116.85984866311773,38.339719683599071],[116.8598809309496,38.339809705316604],[116.85995819112553,38.340025246742293],[116.85997494502942,38.340074466319713],[116.86001156342085,38.3401542556295],[116.86006039358513,38.340292259727157],[116.86007355861717,38.340334751764239],[116.86008273431057,38.340350894707939],[116.86009527677841,38.340357878852359],[116.86011607573464,38.340368292571419]]]},"properties":{"OBJECTID":2,"Shape_Length":27977.115857056142,"Shape_Area":606223.46415663627,"Elevation":6}}]
}